JSD,Norm,Ïƒ
0.0808114785350128, 0.009389481466378066, 0.01
0.06907445503760402, 0.007145503809332224, 0.005
0.0505159938222169, 0.004482034387066501, 0.001
0.07660727431624019, 0.008126877520102247, 0.01
0.07203100934512166, 0.007084129797237456, 0.005
0.04836092169552376, 0.004103589131208769, 0.001
0.07768696553448902, 0.00794362767663942, 0.01
0.07157058126330836, 0.007423723861519031, 0.005
0.04976436513086742, 0.004249908406010486, 0.001
0.07812325746139581, 0.008669449257565392, 0.01
0.07273636098950359, 0.0076014997631892334, 0.005
0.0515950172397652, 0.004491836116255235, 0.001
0.07560908983517217, 0.007803365339670601, 0.01
0.06940587086905958, 0.007016664940537185, 0.005
0.05092705534974385, 0.004554798436293572, 0.001
0.07792599690979203, 0.008554276156846764, 0.01
0.06925562351889282, 0.00707291156701686, 0.005
0.048920201214638234, 0.004305934371484951, 0.001
0.07501311221197478, 0.007639529664776851, 0.01
0.07007520389400473, 0.0069858696672057356, 0.005
0.05076633385690483, 0.004411806894738692, 0.001
0.07376458478190455, 0.007698679430162101, 0.01
0.07254569165258498, 0.007534006133950341, 0.005
0.04886584414753975, 0.00428777709810929, 0.001
0.07749252105089749, 0.008056079795256724, 0.01
0.06936298648641373, 0.007236767103829875, 0.005
0.050330500721363344, 0.004293254913626133, 0.001
0.07729012210857292, 0.008225523206627169, 0.01
0.07028834864604513, 0.006939757434713714, 0.005
0.05057343164671442, 0.004382334853129284, 0.001
0.07686038913585445, 0.00822745975572353, 0.01
0.07137092180008327, 0.007509352830011649, 0.005
0.05251979754054599, 0.004654060452183024, 0.001
0.07383902730380569, 0.00745622266235297, 0.01
0.07114039075869234, 0.007099251073200472, 0.005
0.05022880907218069, 0.004438159812872454, 0.001
0.07498675856230376, 0.008033532067698008, 0.01
0.06993750351069236, 0.006937132594523884, 0.005
0.049980125947858806, 0.004294548743165565, 0.001
0.07434283263927599, 0.00798728780212723, 0.01
0.07155098368311287, 0.006991466965865727, 0.005
0.04913841873531059, 0.004178414425685386, 0.001
0.0776263310720499, 0.008027327528333222, 0.01
0.07226564547862632, 0.007334440237534722, 0.005
0.051002504704397045, 0.004528372307691653, 0.001
0.07606753577505387, 0.00831795875001515, 0.01
0.07007479997388004, 0.0073172856802822496, 0.005
0.0518091513153333, 0.004538468190162784, 0.001
0.07648306532678056, 0.008223229749104196, 0.01
0.07283701070544195, 0.007771112729324403, 0.005
0.049503893555855445, 0.0042149174423194635, 0.001
0.0755308586378685, 0.008089015557863989, 0.01
0.06981576328844455, 0.006962087105876251, 0.005
0.047929997464060486, 0.004076810278823097, 0.001
0.0740135694155093, 0.007844144492003102, 0.01
0.07100758117967995, 0.006994159667902561, 0.005
0.04890773100817564, 0.004281846296687889, 0.001
0.07874575752181333, 0.008694848505066232, 0.01
0.0730371779083522, 0.0075090691319344895, 0.005
0.052172817177056616, 0.00461474218689414, 0.001
0.07422971557708516, 0.007877445474640482, 0.01
0.06962265788063826, 0.007003536267944027, 0.005
0.04774863335892141, 0.004121611259726627, 0.001
0.07885889791627373, 0.008506075895568834, 0.01
0.0709700012619332, 0.006964437429728983, 0.005
0.04877569041595607, 0.0041364269646263965, 0.001
0.07724794216650847, 0.008307193612953335, 0.01
0.07161622936489852, 0.0071688737472096215, 0.005
0.04857773333434349, 0.004267271961164362, 0.001
0.07871019784045358, 0.00795874664003118, 0.01
0.0706280180534637, 0.007273675389965368, 0.005
0.051590646804931896, 0.004496692423658309, 0.001
0.07670189578689603, 0.007717620704598641, 0.01
0.06919016935389231, 0.006977753315150511, 0.005
0.05044394826343452, 0.004420270588851042, 0.001
0.07458529336210382, 0.007307032139147809, 0.01
0.06982024012076499, 0.007060336748482527, 0.005
0.0495122827263119, 0.004277185189547663, 0.001
0.07525020093700624, 0.008051492316288723, 0.01
0.07122371993932892, 0.007117641016307781, 0.005
0.04935864660630193, 0.004311121542925796, 0.001
0.07545684758982658, 0.0076279285269642266, 0.01
0.07001664887310659, 0.007182167541567363, 0.005
0.05435460602647614, 0.004775698960283705, 0.001
0.07760142807452179, 0.008488105793829706, 0.01
0.07247417955278813, 0.007228081032359887, 0.005
0.050771339217186254, 0.004385322809952156, 0.001
0.07408508529394338, 0.007646270440234412, 0.01
0.06971051579166995, 0.0069153799489681585, 0.005
0.05032770529345382, 0.004450229826533613, 0.001
0.0757414946235678, 0.00827431765106571, 0.01
0.07126380221505148, 0.0072690485762317075, 0.005
0.049514526497941774, 0.004377588329516216, 0.001
0.074273943523087, 0.00764809131021663, 0.01
0.06940927069854853, 0.0069308511488248, 0.005
0.04772276600631715, 0.004165156681535766, 0.001
0.07786076846286746, 0.00833467448626191, 0.01
0.07028694481831582, 0.007048782263610463, 0.005
0.051235571097723434, 0.0044955502632801694, 0.001
0.07532518497721553, 0.007590686228115596, 0.01
0.07039671663412383, 0.006970918574248948, 0.005
0.05015826458713838, 0.00438612034808964, 0.001
0.07658499232333765, 0.008480065572435386, 0.01
0.0697547550271674, 0.007032402760338043, 0.005
0.04890287764687799, 0.004185965853924767, 0.001
0.07531391047891937, 0.007832011697301081, 0.01
0.07117574492699942, 0.007346320690337952, 0.005
0.05510799625994022, 0.004894170669306518, 0.001
0.07567378169495577, 0.007795040981748115, 0.01
0.07084597866476096, 0.007330233516233784, 0.005
0.05072351444189502, 0.004400509754475214, 0.001
0.07536030330411975, 0.007836336813442804, 0.01
0.07149324028206473, 0.0074073740639210356, 0.005
0.05005403253438866, 0.004323052897702341, 0.001
0.07683833967551706, 0.008279671370313027, 0.01
0.0710176238857935, 0.007132284667853652, 0.005
0.05244746864998029, 0.004567674378994347, 0.001
0.07852470006429496, 0.008724335849101676, 0.01
0.07256659890938116, 0.007446277376666971, 0.005
0.04845276783526733, 0.004244993003609044, 0.001
0.07785781523730809, 0.008354701192425679, 0.01
0.0708643649980828, 0.007091927644949192, 0.005
0.05186050028828753, 0.004490576436652717, 0.001
0.07378632107405317, 0.007410220515459125, 0.01
0.07159527380720489, 0.007278775125146803, 0.005
0.04756013043713914, 0.004106186771433265, 0.001
0.07222891515571102, 0.00725732792335537, 0.01
0.07369886372080908, 0.007902009288337772, 0.005
0.048844300811645806, 0.004227995400056177, 0.001
0.0765707004058189, 0.00824395926337587, 0.01
0.07228239842971461, 0.007607908578953556, 0.005
0.049490410960161255, 0.004200481388051118, 0.001
0.07532805512259627, 0.007936569672755744, 0.01
0.07259938928022026, 0.0077962115826916605, 0.005
0.04965529683572532, 0.004274507485999444, 0.001
0.07470300717288142, 0.007550543460932299, 0.01
0.07237302394944867, 0.007506274054321031, 0.005
0.050456420211005854, 0.004362472056223891, 0.001
0.07695113576731305, 0.008066504335325166, 0.01
0.07135333859372284, 0.007264453194522935, 0.005
0.04994361426951629, 0.004386000131812562, 0.001
0.07507287325418406, 0.007938823933263485, 0.01
0.07138236779312969, 0.0071188819077295604, 0.005
0.05322757924829874, 0.004707805363109702, 0.001
0.07733829380331818, 0.008291116008530296, 0.01
0.07098359860386665, 0.007382928036058115, 0.005
0.05083179268351709, 0.0045556259225961945, 0.001
0.07823670528123822, 0.008742307739714928, 0.01
0.07144849130800437, 0.007513791935811552, 0.005
0.04991047727951259, 0.004363145021391619, 0.001
0.07831462265632537, 0.008724198592146909, 0.01
0.07096811922147843, 0.007067105863472964, 0.005
0.05182631196250556, 0.004562749383019873, 0.001
0.07525572869043354, 0.007576538273967185, 0.01
0.07048920291651085, 0.006954756348607698, 0.005
0.05094277441787237, 0.004440207680649035, 0.001
0.07378418348034141, 0.0076166830916614804, 0.01
0.06946689933765458, 0.006919331357294545, 0.005
0.05125935221383547, 0.004507530253640768, 0.001
0.07580676189684112, 0.008184449596715418, 0.01
0.07091729505459841, 0.007574162327578054, 0.005
0.05087593910861507, 0.0044022579838605535, 0.001
0.07388252769785131, 0.0075808567017744705, 0.01
0.07040092750330407, 0.007261673156918568, 0.005
0.050645328691146914, 0.004395848326707716, 0.001
0.07511367301316824, 0.00773895966009106, 0.01
0.07211505482438416, 0.007253078613272807, 0.005
0.04864810122810322, 0.004256550987982651, 0.001
0.07950135806332964, 0.008360077818046274, 0.01
0.07003389007759218, 0.006892644191747916, 0.005
0.05044742455960902, 0.004373474013041587, 0.001
0.0719992736825401, 0.007451209346081817, 0.01
0.06893572747758718, 0.006903260596243784, 0.005
0.05019104295504244, 0.004325841389189578, 0.001
0.07476299223184762, 0.007888396079545857, 0.01
0.07018360940442774, 0.007243321805252525, 0.005
0.05325770088628516, 0.004673237047893023, 0.001
0.077473331319269, 0.008376033054883568, 0.01
0.07211617350831111, 0.007385717892264077, 0.005
0.052275696279360406, 0.004498942272276289, 0.001
0.0748487443298358, 0.0075040391083467, 0.01
0.07044420211182247, 0.00698021973266978, 0.005
0.04764150945763366, 0.004160188630249323, 0.001
0.07715484850374954, 0.008079407075293426, 0.01
0.0708483122868211, 0.007177949867475948, 0.005
0.05066747520581794, 0.004294588418078908, 0.001
0.07724347777234292, 0.008193344008392566, 0.01
0.0719057274854731, 0.007305031208626014, 0.005
0.050488234363458694, 0.004456897228462204, 0.001
0.07789842437300243, 0.008384433743309879, 0.01
0.07162631624876103, 0.007374962088396979, 0.005
0.0503159636326615, 0.0043924304478863314, 0.001
0.07509605708366973, 0.007537447489927979, 0.01
0.07104573783243313, 0.007236267342011553, 0.005
0.051161529217053484, 0.0044166625611405325, 0.001
0.07396995639955735, 0.008079344021736386, 0.01
0.06932932032608592, 0.007098476742835041, 0.005
0.05096030753443722, 0.0044422091651253656, 0.001
0.07646700714174073, 0.008134117548042621, 0.01
0.07104873748921764, 0.007598285278309605, 0.005
0.0506590447744354, 0.004393371683839662, 0.001
0.0755872198719388, 0.00755118976841477, 0.01
0.07196022311295598, 0.007328060821744166, 0.005
0.047980884059711876, 0.0041757842649362085, 0.001
0.07524749501320321, 0.0077780531190387294, 0.01
0.07214838214787354, 0.007303712656918615, 0.005
0.051033489401874806, 0.004472191578583524, 0.001
0.07592366088799, 0.007625207661445976, 0.01
0.07326082384223921, 0.00770794362599173, 0.005
0.050699847010241744, 0.00452474236903197, 0.001
0.07620880680335318, 0.008221625036696927, 0.01
0.07231072491415964, 0.007263442839350674, 0.005
0.052930257241337514, 0.00463230169388239, 0.001
0.07659916081803668, 0.008479615752964527, 0.01
0.06908718109113038, 0.007050593028536074, 0.005
0.04921923180783314, 0.004292339582036878, 0.001
0.07530255293728379, 0.007874871353314702, 0.01
0.07096038123616265, 0.00739521728612263, 0.005
0.04915237435562812, 0.0042306727822366, 0.001
0.07494752128573232, 0.007917698430489051, 0.01
0.07097244666306571, 0.006939625433354732, 0.005
0.05030386068247919, 0.00434061439410589, 0.001
0.0751859048879466, 0.008174295169944949, 0.01
0.0686497954213447, 0.007091846028384949, 0.005
0.04882288698947873, 0.004212840726932779, 0.001
0.07747340333348915, 0.007762430717851325, 0.01
0.07012236802128761, 0.007239216685041945, 0.005
0.050247153787333416, 0.004329340911179268, 0.001
0.07477837907145717, 0.008083361697097538, 0.01
0.07220817514684509, 0.00733923838669202, 0.005
0.04897111306152456, 0.004288146938295927, 0.001
0.0753820662095366, 0.007971835542027876, 0.01
0.06927012817402757, 0.007064884468809556, 0.005
0.04983602110973251, 0.004296802873696398, 0.001
0.08051020445440504, 0.009052578531834225, 0.01
0.07129939797425305, 0.007371813200526354, 0.005
0.051318392358496126, 0.004457186958329442, 0.001
0.07712984560503891, 0.008226380702352706, 0.01
0.07160194200051107, 0.007600098224122809, 0.005
0.04971714513581876, 0.004211285399369454, 0.001
0.07746462947927822, 0.008460520202838547, 0.01
0.07292485604215485, 0.0073039655127580365, 0.005
0.049631898465603216, 0.004243481303321925, 0.001
0.073112333590851, 0.007914052084203814, 0.01
0.07194847242486853, 0.007234430161288265, 0.005
0.04939758992829021, 0.004259887683479056, 0.001
0.07517973701466253, 0.007866657425347732, 0.01
0.07004842338026317, 0.007219450101390225, 0.005
0.04842243931720357, 0.0041319240949325, 0.001
0.07701044630375471, 0.008085198903529314, 0.01
0.06999444417475088, 0.007078447487853133, 0.005
0.05455867262875373, 0.004857662372949125, 0.001
0.07662768592324015, 0.007997062204172897, 0.01
0.07186055847740827, 0.0073816027971024, 0.005
0.04949021517010052, 0.004267297235082879, 0.001
0.07616652949503618, 0.00812731534347086, 0.01
0.0723677303633105, 0.007415717635757801, 0.005
0.05169463088300124, 0.004566677496991945, 0.001
0.07537433176322896, 0.008043961916039948, 0.01
0.07102016009662825, 0.007549188388282394, 0.005
0.050062420031085283, 0.004317591071724268, 0.001
0.07585594194150316, 0.007720911832800703, 0.01
0.07069002535038268, 0.007337067350685714, 0.005
0.04844565342997974, 0.004297371976125822, 0.001
0.07699375015153083, 0.008658536619622284, 0.01
0.07003526232180594, 0.007005145680692544, 0.005
0.049920026679821636, 0.004298035051842227, 0.001
0.07825806670354035, 0.008567868132758793, 0.01
0.07220653956234345, 0.007635777389420456, 0.005
0.04907269454695232, 0.00426730074813191, 0.001
0.07596340092097177, 0.008140001885750137, 0.01
0.06997345612582405, 0.006768377581706083, 0.005
0.04999800181048916, 0.004373858799907306, 0.001
0.07629079308660942, 0.00817880308403438, 0.01
0.07122797743014507, 0.00710609684232521, 0.005
0.04808652093325362, 0.004262174880042648, 0.001
0.07565280233966508, 0.0077222355274382485, 0.01
0.06921958225053233, 0.007210992513097484, 0.005
0.05483286235054099, 0.004732728807869495, 0.001
0.07538730565495243, 0.007818744974572052, 0.01
0.0704795617851894, 0.007309914985543843, 0.005
0.048697384750741715, 0.004325215292102038, 0.001
0.07568984240930557, 0.00807921925195911, 0.01
0.07085155344957035, 0.007169964930339568, 0.005
0.049683531374809506, 0.004236261561091554, 0.001
0.07538636128628141, 0.007907364418976817, 0.01
0.07066164340245959, 0.007105223003492224, 0.005
0.04814041138358852, 0.004223507675109654, 0.001
0.07503485486057375, 0.007618250695770165, 0.01
0.07232767843418465, 0.007187693781522112, 0.005
0.05280017388564922, 0.004638880114903698, 0.001
0.07541699655697001, 0.008094021766229708, 0.01
0.07008640656927047, 0.006997495832468264, 0.005
0.05134481688981079, 0.004485320635343532, 0.001
0.07564589018356395, 0.007786312355443693, 0.01
0.0720042616241239, 0.007556926754877586, 0.005
0.05078359454359613, 0.0044030525047489, 0.001
0.07711167297860012, 0.007908695432610975, 0.01
0.06981197019846287, 0.007175308183242118, 0.005
0.049716138817548224, 0.004324146845568635, 0.001
0.07540896492505433, 0.007754604518399529, 0.01
0.07143638580384619, 0.007117197902958941, 0.005
0.04958801560467066, 0.00418349121156957, 0.001
0.07556283879518066, 0.007298962787600752, 0.01
0.0701251105085071, 0.0069826035426468515, 0.005
0.049328124263783385, 0.004355998366802404, 0.001
0.07575647548374209, 0.007820380590292246, 0.01
0.06915332948716073, 0.006990616326429785, 0.005
0.050779146275647016, 0.004408715573749465, 0.001
0.07638093149748891, 0.008146568197291334, 0.01
0.07214652993044846, 0.007519491652670039, 0.005
0.051700701586393304, 0.004502100652549647, 0.001
0.07494094197995321, 0.007665386893743093, 0.01
0.07151396668117908, 0.007465372783284114, 0.005
0.051263960994876005, 0.0044421547082685855, 0.001
0.07899834359874183, 0.008415921330214352, 0.01
0.07297333204656219, 0.007206701111392189, 0.005
0.04932777191302332, 0.004324331178810611, 0.001
0.07589300767932491, 0.008005719831309743, 0.01
0.07231794837003157, 0.007431072730494862, 0.005
0.04926228137192052, 0.004292909696856997, 0.001
0.07725280606020885, 0.007939561796788277, 0.01
0.06963765510682805, 0.00707101431775933, 0.005
0.04952561307169448, 0.004269775650960268, 0.001
0.07265199107490632, 0.007167665139532812, 0.01
0.0710193102645497, 0.007138526338567638, 0.005
0.0490808955376137, 0.004353040745016834, 0.001
0.07657771905688127, 0.007924176330575195, 0.01
0.07112936386868679, 0.007447576906885706, 0.005
0.05041603034433475, 0.004391143554609802, 0.001
0.07487265645374733, 0.007655953083219364, 0.01
0.07123708808398486, 0.007350652263774501, 0.005
0.04801005191610031, 0.004155753788516726, 0.001
0.07568385807259612, 0.007917989954851249, 0.01
0.07025831262764404, 0.0071897031988529935, 0.005
0.05089166274484282, 0.004497795504012522, 0.001
0.07643432478485948, 0.008051955661583444, 0.01
0.07195539578171134, 0.007297452977142299, 0.005
0.05166932285025799, 0.004530682912138217, 0.001
0.07551776854065606, 0.00807499040668375, 0.01
0.07076460512451001, 0.0073696190595367896, 0.005
0.050372325967649935, 0.0043415781142031405, 0.001
0.07202885958922614, 0.007367577976552328, 0.01
0.07192757568267256, 0.007157259047885203, 0.005
0.05404110106496279, 0.004704066375581167, 0.001
0.07866063576518968, 0.007979458959676056, 0.01
0.06829352496391033, 0.006976788136237264, 0.005
0.04984479630564621, 0.0043531223803969414, 0.001
0.07688327513244454, 0.008505252907552472, 0.01
0.0703445694828328, 0.007164626698815623, 0.005
0.048427131004833965, 0.004186807990185425, 0.001
0.07258610211230751, 0.007030010013343698, 0.01
0.07262464111561658, 0.007517002939785693, 0.005
0.048223605441429444, 0.004064689086129412, 0.001
0.07751772596635878, 0.008296943076665498, 0.01
0.07169175226848848, 0.007273783037137352, 0.005
0.05365137486551675, 0.0047801395545339995, 0.001
0.07635067851858307, 0.007767164163803531, 0.01
0.06946251010402754, 0.007110462168120692, 0.005
0.05157671023730954, 0.004542842988020415, 0.001
0.07391013789469214, 0.0072798066888202, 0.01
0.06906776619474309, 0.0069512257367671144, 0.005
0.05085881398100718, 0.004398671650099039, 0.001
0.07785173429410693, 0.00869021271263997, 0.01
0.07091897990624425, 0.0070449271367028134, 0.005
0.04939623068490209, 0.004334512259646621, 0.001
0.07656660507608001, 0.008005219435664233, 0.01
0.07307245890548178, 0.00764197136277465, 0.005
0.04910891543520228, 0.004261081671289954, 0.001
0.0765158318205336, 0.007930478866975704, 0.01
0.07016621246727102, 0.007200109669177112, 0.005
0.048332625999098315, 0.004256336410789598, 0.001
0.07660714726429789, 0.00841706483018236, 0.01
0.07372664772662244, 0.007540967650696133, 0.005
0.051402407675230105, 0.004433853796367463, 0.001
0.07687835380048476, 0.00803577944233709, 0.01
0.06970681588992472, 0.007199716464731799, 0.005
0.050883561679664895, 0.00444951149768784, 0.001
0.07498908596659537, 0.007741458498459075, 0.01
0.07182726452168255, 0.0072174981191226225, 0.005
0.04674598017528038, 0.003977017905634351, 0.001
0.0753801588905651, 0.0075494247074505754, 0.01
0.07185093727348318, 0.007238294586738024, 0.005
0.051236669846345395, 0.004551400931708306, 0.001
0.07625563258799642, 0.007642906329430936, 0.01
0.0702076143390749, 0.007233559213152975, 0.005
0.05435970529357876, 0.004796215027900909, 0.001
0.07331883217853716, 0.0073674234138368065, 0.01
0.07083255462978874, 0.007139190987706134, 0.005
0.051807428370865216, 0.00459432841559289, 0.001
0.07661729234689599, 0.008124770119698392, 0.01
0.06897314897450436, 0.007090121414341786, 0.005
0.048891007511901355, 0.004286576008278193, 0.001
0.07480005645635106, 0.007529380025809681, 0.01
0.06987429124701416, 0.007056579265530847, 0.005
0.0490516274038335, 0.004207354167136376, 0.001
0.07346164289130898, 0.0075450322260852635, 0.01
0.07091000158343941, 0.007110732096156968, 0.005
0.05054177467005702, 0.004457606682865721, 0.001
0.07790221758708113, 0.008390113156010017, 0.01
0.0703268933558216, 0.0068499086701422325, 0.005
0.05097332925218085, 0.004403490072820258, 0.001
0.07628188121240381, 0.008186403089184436, 0.01
0.06935900757022417, 0.006674522619905566, 0.005
0.05120591847567511, 0.004531483012649745, 0.001
0.07578025136072233, 0.007748382716677919, 0.01
0.07010774219965703, 0.007152885947927417, 0.005
0.05153956374496833, 0.004399980317013968, 0.001
0.07693995980230546, 0.008162984019655935, 0.01
0.07255637977403717, 0.007597751134782477, 0.005
0.050368968521976525, 0.004312692974444851, 0.001
0.0779884098068076, 0.008487370441961559, 0.01
0.06960316942060371, 0.006720653566819022, 0.005
0.05054186714521095, 0.004441219663936546, 0.001
0.076828326063968, 0.008215093353614578, 0.01
0.07120327537596181, 0.0073135486622957655, 0.005
0.05142665416602909, 0.0045760764983966175, 0.001
0.07650957537088145, 0.008116287943310645, 0.01
0.0707542775042402, 0.007012401994760728, 0.005
0.04938503199690051, 0.004287708583413591, 0.001
0.07513514949096337, 0.007786106765902533, 0.01
0.07168157868124934, 0.007225386395434658, 0.005
0.0498331150776569, 0.004365493781286391, 0.001
0.0748105668081029, 0.007764870187830667, 0.01
0.07052077992749627, 0.007038083108221409, 0.005
0.050810526792578345, 0.004525493696449648, 0.001
0.07686989179950676, 0.00830078989438085, 0.01
0.0715629538376609, 0.007256484816922406, 0.005
0.052374226042720365, 0.00455420635884443, 0.001
0.08025509984367077, 0.009053800142433299, 0.01
0.07161314309261892, 0.007100205117652246, 0.005
0.051147113646546165, 0.004530478785594283, 0.001
0.07759701530634383, 0.008218120126556311, 0.01
0.07135923227173653, 0.0074415425990282304, 0.005
0.05104046543505698, 0.00440929576503011, 0.001
0.0769454203456509, 0.008142631193878916, 0.01
0.07046996750028188, 0.007074679190482763, 0.005
0.04945431865561595, 0.004233628731279147, 0.001
0.074451212846967, 0.007527541257072543, 0.01
0.07008230764382105, 0.006956044870568082, 0.005
0.049378740700691516, 0.004165900193003215, 0.001
0.07482836731434278, 0.007224652191388954, 0.01
0.07156538124620453, 0.007399351869460459, 0.005
0.04997314933385005, 0.004379027351309794, 0.001
0.07507288015303462, 0.0073766992116116765, 0.01
0.07218091711795094, 0.00727807354750376, 0.005
0.05272142068353784, 0.0046306614431449065, 0.001
0.0767206705545228, 0.008461218703167801, 0.01
0.06839397539097554, 0.006772591216438474, 0.005
0.05068240373234018, 0.004381671160803293, 0.001
0.07803341053457888, 0.00832456218810422, 0.01
0.07261603032851982, 0.0076424350341114475, 0.005
0.049230412452983256, 0.004159587913845917, 0.001
0.07730405766362176, 0.007995852268168565, 0.01
0.07172379681027152, 0.007455784232341246, 0.005
0.05175772060264083, 0.004528573705729113, 0.001
0.07943043363748226, 0.00859227584895652, 0.01
0.0683638284915555, 0.006517155273699499, 0.005
0.049949797621533426, 0.0043485145666966535, 0.001
0.07931464061160863, 0.009071938710715667, 0.01
0.07197277847809586, 0.007633909461829462, 0.005
0.04772044474705299, 0.0041313982881975644, 0.001
0.07505322224958531, 0.00754082327112616, 0.01
0.07119198334471978, 0.007218404695415041, 0.005
0.04779809284256525, 0.004148054901563676, 0.001
0.07559063087001525, 0.007952904754310023, 0.01
0.06963721447587415, 0.006804640870323882, 0.005
0.051057084011669925, 0.0045774158666184615, 0.001
0.07436734990653567, 0.008127933325117105, 0.01
0.07055133441585536, 0.007357921851794286, 0.005
0.048721409858596604, 0.004246235465191596, 0.001
0.07723487737712151, 0.008557177676464446, 0.01
0.07183401163672677, 0.00715976847163039, 0.005
0.05208394715649904, 0.004591146304547289, 0.001
0.07309039095026101, 0.007231979820940933, 0.01
0.07168149586102122, 0.007323957311081843, 0.005
0.051205259506404234, 0.00442031475491634, 0.001
0.07773170181007064, 0.008023591854903343, 0.01
0.07003171152192816, 0.006950462124666194, 0.005
0.050302332989987396, 0.004484093851779327, 0.001
0.07498388606577022, 0.007494659464886658, 0.01
0.06889473813158245, 0.006967888909209703, 0.005
0.049960992387781046, 0.004300100616695848, 0.001
0.07602870063317373, 0.007871467306545674, 0.01
0.07055881287865963, 0.007075344479859534, 0.005
0.05082104740480937, 0.004342948426661109, 0.001
0.07583993635493295, 0.007878254406258068, 0.01
0.07030104572869193, 0.00716733760606829, 0.005
0.05024522797921909, 0.004399645552632456, 0.001
0.077871633603043, 0.008223096470057511, 0.01
0.07065229479384723, 0.007416547646304052, 0.005
0.05075092578050846, 0.00448750091534004, 0.001
0.07633744416894833, 0.008561405109539467, 0.01
0.07045399243611912, 0.00733063571738779, 0.005
0.04880870955738286, 0.004202330484057475, 0.001
0.07407959291469246, 0.007490088809266153, 0.01
0.07071928626376299, 0.007437257091951974, 0.005
0.050522203576890634, 0.004325088447805388, 0.001
0.07841525316499597, 0.008464458887132183, 0.01
0.0719994311138986, 0.007514320496648725, 0.005
0.050885627065666524, 0.0044258374824153995, 0.001
0.07417962803542243, 0.007765526907532171, 0.01
0.0700248491303133, 0.007259857350736897, 0.005
0.05310716609767154, 0.004638451533113684, 0.001
0.07578127486384323, 0.008423395081813617, 0.01
0.07118559353540392, 0.007107002989980695, 0.005
0.049206787327395855, 0.0043017809404593856, 0.001
0.07489247704279309, 0.007510811303021462, 0.01
0.07010808648176668, 0.006728626517776179, 0.005
0.04898283844006663, 0.004315801561466665, 0.001
0.0747209199722116, 0.00787603214150827, 0.01
0.07260789867204001, 0.007287509669202857, 0.005
0.04992279088314462, 0.004332486952758105, 0.001
0.07649616616538682, 0.00800842632849146, 0.01
0.0720709098999084, 0.007326814891468882, 0.005
0.050544745582212364, 0.004439360636489036, 0.001
0.0769402155075724, 0.008057351718534956, 0.01
0.06990289531229107, 0.007042623555162171, 0.005
0.05134456831678367, 0.004442441130790952, 0.001
0.07788414833834427, 0.008158795735544906, 0.01
0.07114089108487062, 0.0075583696029633135, 0.005
0.0487802610960758, 0.004707595108993182, 0.001
0.07355783106488804, 0.007579651175477493, 0.01
0.06910424373425678, 0.006961588807079152, 0.005
0.04984869955092673, 0.004316930885868027, 0.001
0.0764104041810825, 0.00803805919513699, 0.01
0.07017588702013786, 0.0071164305533557995, 0.005
0.053853270049456704, 0.00471942692332618, 0.001
0.07584510536823469, 0.007646613009217666, 0.01
0.06996611209040376, 0.006967110061846115, 0.005
0.05287991435109731, 0.004638857277320185, 0.001
0.07757407328390947, 0.007942845044972592, 0.01
0.07221718017077504, 0.007229241771503037, 0.005
0.05112749801325692, 0.004479249106809835, 0.001
0.07487639387209936, 0.00810654728803465, 0.01
0.07084602786294175, 0.007219385540873934, 0.005
0.051647119908172556, 0.004525715682751493, 0.001
0.07500583416234818, 0.007746312185068207, 0.01
0.07154921097366708, 0.0074470537139373115, 0.005
0.053902276635217586, 0.004733346643710307, 0.001
0.074554649362635, 0.00807565359632612, 0.01
0.07091749523248612, 0.007719911111059452, 0.005
0.05599521798930327, 0.004944404661560998, 0.001
0.07536621533616382, 0.007557354899366786, 0.01
0.07188620371417492, 0.00723375045785332, 0.005
0.05227499081364022, 0.004582916262543677, 0.001
0.07790591455422684, 0.008622961426622673, 0.01
0.07247931878553387, 0.007372801737074119, 0.005
0.05191410039417637, 0.004558987846693102, 0.001
0.07508846452567358, 0.00777987375917754, 0.01
0.07099135411705307, 0.007346673107688709, 0.005
0.04976374733683117, 0.00437631614509151, 0.001
0.07534569007591975, 0.0075373170101768585, 0.01
0.07148336504649884, 0.007336730143481681, 0.005
0.049960613351323624, 0.004324266781480239, 0.001
0.07810390734823527, 0.008607916311964442, 0.01
0.0704479753949677, 0.007288737909823111, 0.005
0.04908724694525142, 0.004316928861112646, 0.001
0.07567529150637173, 0.007604046400304473, 0.01
0.07035332745951628, 0.007133888344833928, 0.005
0.05268569341022473, 0.004587370729845797, 0.001
0.07500827200031042, 0.007530868828437802, 0.01
0.07019223768584186, 0.0070455263476733405, 0.005
0.051365873993805745, 0.0045619056333738375, 0.001
0.07556607458725549, 0.00815842818462624, 0.01
0.07106421615855622, 0.007310176372535424, 0.005
0.049300608027126845, 0.004218083167587955, 0.001
0.07645058016833012, 0.008334950684629737, 0.01
0.07220375320358692, 0.007569473530307414, 0.005
0.053284133114530535, 0.00479023115747596, 0.001
0.07672417170856856, 0.008320838466930085, 0.01
0.06801852372885692, 0.00665515472796183, 0.005
0.05027713395223203, 0.004346618625078655, 0.001
0.07635572014476742, 0.007954184815736787, 0.01
0.07206349296382063, 0.007288142324581462, 0.005
0.05050825562275193, 0.004500858047984725, 0.001
0.07253793454653497, 0.007199062201880105, 0.01
0.07292645107549893, 0.007560010524575075, 0.005
0.04980790208566031, 0.0043931577226592935, 0.001
0.07599440129166464, 0.007822027867886525, 0.01
0.07213022862619403, 0.0076623651827223745, 0.005
0.04946479408389976, 0.004335773306161424, 0.001
0.07941049640855842, 0.008204146672133466, 0.01
0.06686030335247335, 0.0067110167062003215, 0.005
0.051367595996557394, 0.004449830231723748, 0.001
0.07548151558193657, 0.00792229887180204, 0.01
0.0721794981663242, 0.007707839720108128, 0.005
0.049856955851298686, 0.004415514758566906, 0.001
0.07395289178865251, 0.00748923658823346, 0.01
0.07218881852581413, 0.007293314203911643, 0.005
0.05163567129817764, 0.004529118826277496, 0.001
0.07814652100735564, 0.008693376646860367, 0.01
0.07166654651125205, 0.007142975259561515, 0.005
0.05032759461360951, 0.00438768930052031, 0.001
0.0760616760427766, 0.007611458900319642, 0.01
0.06883846990919441, 0.00694627359489431, 0.005
0.05372598595971827, 0.004674854144068084, 0.001
0.07794490766102553, 0.008170420675726561, 0.01
0.06898447050005398, 0.007182429269155353, 0.005
0.052283712942271326, 0.0046096365297745795, 0.001
