RelError,Ïƒ
0.0001855938987637297,  0.001
0.0006617584536546984, 0.005
0.007435071625458547,  0.01
4.106480632160546e-5,  0.001
0.00033612353594525093, 0.005
-0.002622989395372485,  0.01
-0.00014504769056838203,  0.001
-0.0012645468910925748, 0.005
-0.0008864625868972241,  0.01
-0.00025323505586945347,  0.001
0.0012400165337995263, 0.005
0.001944000795480279,  0.01
1.9187861887274713e-5,  0.001
-0.0013955187042625282, 0.005
0.0013870040337050286,  0.01
-0.00019637340082051487,  0.001
-0.0008446338242155831, 0.005
0.0016446284847290928,  0.01
-6.53867654627773e-5,  0.001
-0.0011404501399340699, 0.005
-0.01035592176475154,  0.01
-7.143830383719691e-5,  0.001
0.00015705802069494837, 0.005
-0.0007910751245563915,  0.01
0.0004965454459303092,  0.001
0.0019539274764418667, 0.005
-0.0029937746631621466,  0.01
0.0006961912928682609,  0.001
0.0006917247966768299, 0.005
0.0026567999590037332,  0.01
0.0003596551928709432,  0.001
-0.0025106338525242404, 0.005
-0.0030224117151213922,  0.01
0.0002097079353998057,  0.001
0.0004977582234174955, 0.005
-0.0037326298046864337,  0.01
-0.00021150558756272982,  0.001
-0.0008905863784322898, 0.005
0.00046076664867978354,  0.01
0.000699405389355476,  0.001
0.0005264368157903632, 0.005
0.008839479069422927,  0.01
-0.00033134368941374685,  0.001
0.0012501972891050353, 0.005
-0.0014242133109004977,  0.01
-8.950038523697286e-5,  0.001
0.001653202052101914, 0.005
-0.0011679875123635334,  0.01
0.0002475559626242495,  0.001
-0.0005427900781016848, 0.005
0.0029177266860948483,  0.01
-0.00011431339626008555,  0.001
0.0014813135007818354, 0.005
0.001555232921253117,  0.01
-0.000382536467087439,  0.001
0.005008642268772566, 0.005
0.0035468353692145117,  0.01
-0.00027855900491585375,  0.001
0.0016478556437238409, 0.005
-0.00024607800305257783,  0.01
-0.0003736810933236553,  0.001
-0.0033555541564788027, 0.005
0.0030514041099289307,  0.01
-8.994946563320847e-5,  0.001
-0.006712420658601838, 0.005
0.005903449515018362,  0.01
-0.0006914325791960481,  0.001
-0.005896560698808096, 0.005
-0.00037158906784184143,  0.01
9.130362744161385e-6,  0.001
0.003110349785352534, 0.005
0.0010249834991760158,  0.01
0.0002005019975244963,  0.001
4.6665700491551676e-6, 0.005
-1.3849316953157664e-6,  0.01
-0.00031975936483648267,  0.001
-0.0024420705183225756, 0.005
-0.0053938617721529525,  0.01
-0.0001814282209151153,  0.001
1.839639348056873e-5, 0.005
-0.00043630267932013114,  0.01
-0.0001653553540729424,  0.001
0.00031754040891958125, 0.005
-0.002483266964591766,  0.01
-0.0002616156294883445,  0.001
0.0020181385170325835, 0.005
-0.008591876560277325,  0.01
6.930600288898138e-5,  0.001
-0.001073636122568883, 0.005
-0.0035251234562650243,  0.01
-0.00036522135211247675,  0.001
0.0019517566801980693, 0.005
0.002817820077247111,  0.01
6.439472074132245e-6,  0.001
0.0014414504567088107, 0.005
0.005196864580087376,  0.01
-0.00013316616040382124,  0.001
-0.0012450064811679305, 0.005
0.003966670999872387,  0.01
-1.812717689806176e-5,  0.001
-0.0016737218311586941, 0.005
0.006037111716941195,  0.01
-6.719107247136676e-5,  0.001
0.0010005818163908746, 0.005
-0.004973518727295545,  0.01
-0.0006567164443520482,  0.001
0.0024052876981189627, 0.005
-0.0041882730472457075,  0.01
-0.0005495444804409398,  0.001
0.0007147308608041598, 0.005
0.0022895171931740983,  0.01
-0.00030702780909118004,  0.001
0.00011419055899667919, 0.005
-0.006026983646250312,  0.01
0.0006501931753791529,  0.001
-0.003919866026200409, 0.005
-0.0015654315414340555,  0.01
0.0004157782460620515,  0.001
-0.002795565272026882, 0.005
0.003766424439632332,  0.01
0.0007571038116110769,  0.001
-0.0011665407884719104, 0.005
0.002992888814187188,  0.01
-0.0003758440134855552,  0.001
0.0007560270204057223, 0.005
0.0011694183278998737,  0.01
-0.0001260835482344089,  0.001
0.0006495335143174283, 0.005
-0.007575549076586837,  0.01
0.0004418076315436756,  0.001
-0.0016029992495776883, 0.005
0.0018803565078680932,  0.01
-0.00024575478906994284,  0.001
-0.002504645940834684, 0.005
-0.0010745970605317606,  0.01
0.00012428185404621717,  0.001
0.0015229829074424983, 0.005
0.005270393829036276,  0.01
6.620058445056669e-5,  0.001
0.0036439212292404483, 0.005
-0.005421089513609032,  0.01
-4.453243007906093e-5,  0.001
0.0011587089188642963, 0.005
0.004069127101928114,  0.01
-0.00041889616466480673,  0.001
-0.0017608532040450798, 0.005
-0.0028321969850566195,  0.01
-5.8762340937037246e-5,  0.001
-0.000983033035593036, 0.005
0.0003658445109998212,  0.01
-0.001191657951749344,  0.001
5.222509113044147e-5, 0.005
0.0037835637452642013,  0.01
-0.0004533540004465826,  0.001
0.0014742208597538125, 0.005
0.006428484351587586,  0.01
-0.00029201693870299633,  0.001
0.001092825600601223, 0.005
0.00020759230667014128,  0.01
-0.00023797943295095054,  0.001
-0.0016318778184755641, 0.005
0.003128898612117618,  0.01
-0.00025333339823069664,  0.001
-0.002602214597655132, 0.005
-0.0019807271375670175,  0.01
0.0002249014565791983,  0.001
0.0009552302881567137, 0.005
2.2910962273368937e-5,  0.01
9.163066280681696e-5,  0.001
0.001048043881192505, 0.005
0.003633768911140276,  0.01
0.00018647249198924004,  0.001
-0.004669464910342314, 0.005
0.0030691198843230006,  0.01
0.0005025053046333067,  0.001
-0.00020808169723445617, 0.005
-0.0016554042464973198,  0.01
-0.0003405307901891757,  0.001
-0.003960108464329524, 0.005
0.001953296512670016,  0.01
-0.00012187371650295835,  0.001
-0.00024035983520576316, 0.005
0.001580818624445738,  0.01
0.0001384073393673693,  0.001
-0.0024237102932454027, 0.005
0.0007406829064385253,  0.01
0.0002910158581015019,  0.001
0.0011706789534083628, 0.005
0.004992961087332192,  0.01
0.0004747754426219829,  0.001
-0.0018814636714198877, 0.005
-0.0009951578904883825,  0.01
0.0012002310184303215,  0.001
0.0017540103252329344, 0.005
0.0052798809690330325,  0.01
-0.0005806618678569482,  0.001
-0.0005389405962490124, 0.005
-0.002834218742829436,  0.01
-0.00023760675329197024,  0.001
-0.0022527213798272075, 0.005
0.0013207992345523629,  0.01
0.000649314395107859,  0.001
-0.004312157195486843, 0.005
-0.0013182844401908457,  0.01
0.0001680357592844879,  0.001
0.00032567849328985003, 0.005
-0.0022104029590907463,  0.01
-0.0002685557726353055,  0.001
-0.00016249021916647777, 0.005
-0.0034912077267095732,  0.01
3.6314519204751037e-6,  0.001
-0.0018132471314190716, 0.005
0.000688854299055282,  0.01
-0.00034521071077094187,  0.001
0.004433281321431929, 0.005
0.0018334420836255976,  0.01
-0.0002524492465435789,  0.001
0.0011030265148975064, 0.005
0.003710141650734549,  0.01
-0.0006055164435473823,  0.001
0.0003454745322186505, 0.005
0.005746753914381367,  0.01
-0.0001655308351462266,  0.001
0.0016491093717317237, 0.005
-0.005369223770158335,  0.01
-4.9919341828368685e-5,  0.001
-0.0009745073652843902, 0.005
0.004092261959901964,  0.01
-0.00060145045527625,  0.001
-0.0014979708062692382, 0.005
0.002271479604173783,  0.01
-0.000699074315422132,  0.001
0.002024394470168943, 0.005
-0.004018035307955585,  0.01
0.00010861258129804482,  0.001
-0.000617541875089628, 0.005
0.00020934150887652513,  0.01
0.0002098258040448673,  0.001
-0.00021361799496089157, 0.005
-0.00011710267999593241,  0.01
-0.0004243480824111833,  0.001
0.0005774426408589631, 0.005
-0.0012869823964781746,  0.01
0.00011195501690204589,  0.001
0.0019308577333800535, 0.005
-0.0030438982099742075,  0.01
0.0005204051076526618,  0.001
-0.002212106505050027, 0.005
-0.005677292378611122,  0.01
-0.00017365241989416647,  0.001
0.0018066946233711882, 0.005
0.0011997024067774956,  0.01
-0.0007189494281096901,  0.001
-9.483356508771104e-5, 0.005
0.009387370866808124,  0.01
-0.000788761260167932,  0.001
0.0004583074784535804, 0.005
-0.0008976995829270063,  0.01
0.0004609289366069391,  0.001
0.000791632080833652, 0.005
0.001003883257941288,  0.01
-0.0004046646474963846,  0.001
0.00018814568349055544, 0.005
-0.003179676177104878,  0.01
0.00022011851167504993,  0.001
-0.00030428131067990915, 0.005
-0.004114265017110515,  0.01
-4.541279173876447e-5,  0.001
0.0004708944044735633, 0.005
0.0019002667121232493,  0.01
-0.0005362519729596695,  0.001
-0.0020218993812300243, 0.005
-0.0010542071694577696,  0.01
0.00036630802666273683,  0.001
0.000884428952828472, 0.005
-6.42710770822576e-5,  0.01
-0.0004367981090569973,  0.001
-0.00605469078600567, 0.005
0.002922659964767261,  0.01
0.00014240027419759507,  0.001
-0.003304954976219659, 0.005
0.0025868149847403147,  0.01
7.038446549400499e-5,  0.001
-0.0007884260559609934, 0.005
0.002439245225950975,  0.01
0.00022523589221770527,  0.001
-0.001272611179408732, 0.005
0.0012228729829677066,  0.01
-0.0003530457844593795,  0.001
-0.0009258094329279355, 0.005
-0.003547162890901315,  0.01
0.00021022391920596668,  0.001
-0.0006256055360182879, 0.005
0.0037484242238487635,  0.01
0.00042940296243378816,  0.001
-0.00015202269958844, 0.005
-0.005426791901209697,  0.01
0.00028480026819068606,  0.001
0.003016946744556653, 0.005
0.0027133482529970755,  0.01
0.0003971140723231538,  0.001
0.0006772496918923825, 0.005
-0.001186514541849155,  0.01
6.924986097159691e-5,  0.001
-0.0029726156709414292, 0.005
-0.0018857594601934691,  0.01
0.00035540134505273306,  0.001
-0.002117718544475386, 0.005
0.006999499013075369,  0.01
-0.0004761248324373432,  0.001
0.0019880813602883973, 0.005
0.0019720071798641765,  0.01
-0.00015275605564744183,  0.001
0.0027410692653772155, 0.005
0.004007717837548281,  0.01
0.0003282887012833065,  0.001
-0.0019133918629224398, 0.005
0.0023699630678728667,  0.01
9.30221283059917e-5,  0.001
-0.0021740258110627885, 0.005
1.4264774545503192e-5,  0.01
-3.600811723980138e-5,  0.001
-0.0014095320215707207, 0.005
0.008237122206690798,  0.01
-0.00010109138096969913,  0.001
-0.0005184944485785788, 0.005
-0.001858053256919734,  0.01
-0.0006944210850988061,  0.001
0.004535934361334878, 0.005
-0.006683251338299865,  0.01
1.8640800817349151e-6,  0.001
0.0003467979242528357, 0.005
0.0004564392342584062,  0.01
0.0008494106878282483,  0.001
-0.0003800428633840318, 0.005
-0.001384559934766083,  0.01
0.0006128918354154974,  0.001
0.0023678344918271112, 0.005
0.002013580193198303,  0.01
0.00022124760704208955,  0.001
-0.0011534353979977805, 0.005
0.002312553020884412,  0.01
0.00022726860002861822,  0.001
0.001658744678314698, 0.005
-0.003916232358882717,  0.01
6.875025740425305e-5,  0.001
0.0008422107178669653, 0.005
-0.00762690735305789,  0.01
3.4678479971344905e-5,  0.001
0.0006745617881537597, 0.005
-0.003581484382583163,  0.01
0.000201799266142142,  0.001
-0.001842675386881797, 0.005
-8.98054283062024e-5,  0.01
-0.00031014907005393093,  0.001
-0.0005557404468633722, 0.005
0.002610832010596493,  0.01
-0.0006963357608954129,  0.001
0.0020785012388779105, 0.005
-0.00012085362798923894,  0.01
-0.00024643127927549913,  0.001
0.002114330637775767, 0.005
0.0013566483390098714,  0.01
-6.5527908387747855e-6,  0.001
-0.00011003141458260942, 0.005
-0.0005650224714996504,  0.01
1.7459388479638923e-5,  0.001
-0.0001920305065238642, 0.005
-0.003537092766423497,  0.01
-1.3280577993996566e-6,  0.001
0.0011294204983041873, 0.005
-0.0003897297068124579,  0.01
-0.00015051549669247547,  0.001
-0.0030569361996276774, 0.005
0.0013450905476784332,  0.01
0.0005573426642699978,  0.001
0.00019832084586533682, 0.005
-0.001896499339756702,  0.01
-1.2155280174944856e-5,  0.001
0.000919335285053002, 0.005
-0.00030607396404250443,  0.01
-7.3027055733254e-5,  0.001
0.0003122986202548427, 0.005
-0.0009846846558997033,  0.01
-0.0005709863429742398,  0.001
-0.004378854350083, 0.005
0.001127687208989592,  0.01
0.00028580548123716235,  0.001
0.0014755248426518291, 0.005
-0.002146294308845284,  0.01
-0.0005235304056867681,  0.001
0.0006711647488830813, 0.005
-0.00048804033587588296,  0.01
-0.00014258166224414526,  0.001
-0.005791507277406424, 0.005
0.011046442353383664,  0.01
-0.0003829350394352747,  0.001
-0.0007122440979437716, 0.005
0.002338452971499679,  0.01
0.000161180345222202,  0.001
-0.0020275906673247563, 0.005
7.919685018952193e-5,  0.01
7.91494418004887e-5,  0.001
0.0005114468677671524, 0.005
-0.001266395375454747,  0.01
-5.943586222720444e-5,  0.001
0.00010101436311477839, 0.005
-0.00017738711424643188,  0.01
0.00042605105953691386,  0.001
-0.003238918701963831, 0.005
-0.0022214043749144785,  0.01
-9.780531484451991e-5,  0.001
-0.0017825683261590644, 0.005
0.00318023480885101,  0.01
0.0001939373904272568,  0.001
-0.00023290721698643617, 0.005
-3.3654047496456455e-5,  0.01
0.0006382802468779651,  0.001
0.0008049705367497881, 0.005
0.0027763981995103664,  0.01
-5.653268484393477e-5,  0.001
-0.0004702339461343094, 0.005
0.008786488921872324,  0.01
0.0001470186195359465,  0.001
-0.0006508086990667534, 0.005
0.008629960508732331,  0.01
0.00014353657314011262,  0.001
-0.0009631947031502003, 0.005
0.005045280267656665,  0.01
-1.3763005439003862e-5,  0.001
-0.0005117740627559337, 0.005
-0.0008637823532339821,  0.01
0.0001935305797407589,  0.001
0.0004845009660931207, 0.005
0.00039056242643283897,  0.01
-0.0003556223428695919,  0.001
0.0006760912177354593, 0.005
-0.004060211281346148,  0.01
0.0006575370090911785,  0.001
-0.0004157554005409889, 0.005
0.003958381834536526,  0.01
-0.00035437715005126906,  0.001
0.0012248293100859456, 0.005
-0.006391317506688674,  0.01
-0.0003302861065018873,  0.001
-0.00039894586436684193, 0.005
-0.0017326341153934173,  0.01
0.00029338941368318836,  0.001
0.002385413776054687, 0.005
0.0063296135732735705,  0.01
0.0005109656002783846,  0.001
0.0006844823749700834, 0.005
-0.0029612914934232463,  0.01
0.0001500827133636815,  0.001
-0.0021009699291825957, 0.005
0.004817361869860122,  0.01
-0.0005291804914969535,  0.001
-0.0014102317114479464, 0.005
0.002298076562498556,  0.01
-3.283472398312456e-5,  0.001
0.0012998543480622316, 0.005
-0.00014189465280427846,  0.01
-0.0006410509618610697,  0.001
0.00023731664979160938, 0.005
-0.004878446387050367,  0.01
-4.1751314211951794e-5,  0.001
-0.0007688839058152984, 0.005
-0.0019181969579300279,  0.01
0.0003753434490073029,  0.001
-0.001758339881579704, 0.005
-0.0030028260040853225,  0.01
-0.00021261788470503296,  0.001
0.0019881279292711302, 0.005
0.0006512637747197864,  0.01
0.00038883112835919444,  0.001
-0.00263572496986018, 0.005
0.0009378404362015301,  0.01
-0.00016192618892522438,  0.001
0.00013156987490655053, 0.005
-0.004207485271519924,  0.01
-0.0002971273681183986,  0.001
0.004850672658658607, 0.005
0.0011694451410257166,  0.01
0.000301274381118801,  0.001
-0.0007749339134097306, 0.005
-0.0018601860847702613,  0.01
0.0003585577072850231,  0.001
-0.0014200763200234014, 0.005
0.0028179917521151654,  0.01
1.3098089931118102e-5,  0.001
-0.00220061866608219, 0.005
-0.005615884004606603,  0.01
2.9920070483992945e-5,  0.001
-0.0005076980315003112, 0.005
-0.0025967212402409554,  0.01
-5.121287272512536e-6,  0.001
-0.00019014808691236425, 0.005
0.00036053506222438785,  0.01
-0.00021770085538378828,  0.001
0.0009720885149716266, 0.005
0.0009527384512620326,  0.01
0.0008160000599630274,  0.001
0.0014603642027575835, 0.005
0.005208755308340313,  0.01
-0.00036121972036260087,  0.001
0.001023584796554867, 0.005
-0.0019092379109149772,  0.01
0.000772164966661445,  0.001
0.0004360705349628674, 0.005
-0.00018927353922717734,  0.01
-7.795784851480763e-6,  0.001
0.0021395510071762864, 0.005
-0.006751053061024926,  0.01
1.0807629661671188e-6,  0.001
0.002030907370072315, 0.005
-0.00013013470722334796,  0.01
-4.72553229037394e-5,  0.001
-0.002762143147406166, 0.005
0.0011310019395374639,  0.01
-0.00036893550251001844,  0.001
0.0011209354680719998, 0.005
0.0057101963957386075,  0.01
-0.00022696747424430356,  0.001
0.001456469650506998, 0.005
0.0038396137808390006,  0.01
9.121446973746537e-5,  0.001
0.0011637354562082907, 0.005
0.0005490716863279891,  0.01
-0.0001459132417992379,  0.001
0.0024100623188959554, 0.005
0.00280196707745521,  0.01
-0.0005035375777501182,  0.001
0.0006759941238657962, 0.005
-0.0009684372312833112,  0.01
-0.00016583607549290708,  0.001
-0.003167976509875826, 0.005
0.001128426928502952,  0.01
-0.00035425539576814757,  0.001
0.0022544449731316148, 0.005
0.0025047000492107634,  0.01
0.0007794098089327669,  0.001
7.755842791855556e-5, 0.005
0.002644377343817234,  0.01
-2.7838800846415435e-6,  0.001
-0.001074370540331703, 0.005
0.0005072175606181147,  0.01
0.0007079724059618612,  0.001
-0.0008214950671716922, 0.005
0.003976136195283504,  0.01
0.0005355502728380075,  0.001
0.001575116747682258, 0.005
0.000947755869786969,  0.01
-0.0007126889896458597,  0.001
-0.00018146076354212928, 0.005
-0.00746024683801919,  0.01
0.000313221443181609,  0.001
-0.0010175476780714314, 0.005
0.0011151521043044686,  0.01
-3.582122641889127e-5,  0.001
0.002789159959180586, 0.005
-0.002663543029502798,  0.01
6.920293920157425e-5,  0.001
-0.0010279402564981588, 0.005
-0.0013610611262665376,  0.01
0.0003334772881377564,  0.001
0.001219838138732626, 0.005
0.0015675516167430392,  0.01
-4.643692477913745e-5,  0.001
0.0012248577903666421, 0.005
-0.003839297546947964,  0.01
-0.0003042487190143184,  0.001
0.0006103951775162467, 0.005
-0.0005314919018516794,  0.01
-0.0001875500228017503,  0.001
0.0008672324964420031, 0.005
0.0023053273775932204,  0.01
-0.0003105273885109784,  0.001
0.0007022687773411643, 0.005
0.0039365298977962,  0.01
0.0011344334204677962,  0.001
-0.0008300278928430614, 0.005
-0.0043624410638871455,  0.01
3.313874564829663e-5,  0.001
-0.0011080791094760212, 0.005
0.004515706253191517,  0.01
5.876080102940628e-5,  0.001
-0.0008713440713075724, 0.005
0.000123863502320934,  0.01
0.00019167646330178967,  0.001
-0.0021429160255475254, 0.005
-0.0005081317932307184,  0.01
0.0006109788166556155,  0.001
-0.0008507838093856579, 0.005
0.0021145021569710354,  0.01
0.001160497385616285,  0.001
0.0007464315700704925, 0.005
-0.0021607238628099127,  0.01
-0.0004190400574831406,  0.001
-0.0018882144521657506, 0.005
0.001738202087926102,  0.01
-3.2236509305915754e-5,  0.001
-0.00015800250163071374, 0.005
0.0036817609839725754,  0.01
-0.0004492831765018295,  0.001
0.006431667245270273, 0.005
-0.003594902896706058,  0.01
-0.00036823794000931295,  0.001
0.0004914364489140706, 0.005
-0.0029004340752064608,  0.01
-1.4506808761829581e-5,  0.001
-0.005110997978744021, 0.005
-0.00034776938555813197,  0.01
-0.0002261155872513831,  0.001
-0.0029320247537687415, 0.005
-0.0011621220328737465,  0.01
0.00022523765269136343,  0.001
-0.0007868308076168369, 0.005
0.003120785124145674,  0.01
0.0002053526027084133,  0.001
0.00019615323786268082, 0.005
-0.007358379694160147,  0.01
-0.0003693420027770028,  0.001
0.0018620449195587917, 0.005
0.002654281813599402,  0.01
2.6996024869218142e-5,  0.001
0.00209320604840277, 0.005
-0.008733395794952852,  0.01
0.00022256484452538012,  0.001
-0.0010279193154894182, 0.005
0.002222539164346009,  0.01
-1.3407963543439202e-5,  0.001
0.0008618591007805097, 0.005
0.0014044123582487719,  0.01
0.00022116000659721063,  0.001
0.002492162374439431, 0.005
-0.006420642130512058,  0.01
-0.00047014116159997693,  0.001
0.0006392039337647421, 0.005
-0.006376987420584657,  0.01
-5.0203112762480546e-5,  0.001
0.00021730397692751218, 0.005
-0.002194216924096456,  0.01
-0.0004411164325924071,  0.001
0.0030109773596409574, 0.005
0.0027009806287365333,  0.01
-0.0002794375091090369,  0.001
-0.0017930622130799786, 0.005
0.003151862438783425,  0.01
-1.3772023976565534e-5,  0.001
-0.0020108650304125142, 0.005
0.0007334683871625729,  0.01
0.0002280982461078022,  0.001
-0.0006602319411944811, 0.005
-0.011244687590254793,  0.01
-0.0004646684927767067,  0.001
-0.000852628696045938, 0.005
0.0030415878223745856,  0.01
7.634749547951901e-6,  0.001
0.0023736938169750823, 0.005
0.0020388271113692177,  0.01
4.9586008277175965e-5,  0.001
-0.003601475348168986, 0.005
0.0023559173643334843,  0.01
0.00038779100527123464,  0.001
-0.004388232158868373, 0.005
-0.0014784996258507114,  0.01
-0.00040713116173425975,  0.001
-0.0015577647258514025, 0.005
-0.003931366777896721,  0.01
4.164430750126351e-5,  0.001
-0.000711998969800891, 0.005
0.0036952010249132815,  0.01
-0.00025643150791708626,  0.001
-0.0011968079879709937, 0.005
-0.00015697784130740526,  0.01
-0.00017266271746718348,  0.001
-0.0009390623107976492, 0.005
0.006080808023679067,  0.01
-0.00017469282655973887,  0.001
-0.0019562649563876038, 0.005
0.00010046597843031512,  0.01
0.0003012627903393194,  0.001
-0.003378797639289899, 0.005
0.003361864351226043,  0.01
0.00010724232210855154,  0.001
0.001326281503133206, 0.005
-0.0003982398786510411,  0.01
-2.6038806859226527e-5,  0.001
-0.0005658188983059841, 0.005
-0.001448776521719264,  0.01
0.00040128171403375,  0.001
-0.0009638282104868237, 0.005
0.0007324938500406516,  0.01
0.00021677379717037267,  0.001
0.001815642558621307, 0.005
-0.0019966643420557336,  0.01
-0.00015388669598563967,  0.001
-0.002926671002840763, 0.005
9.927138480902025e-5,  0.01
0.00027790902950411666,  0.001
-0.0009743455636280286, 0.005
0.004502502635053563,  0.01
0.000567151859269526,  0.001
0.0017321180484313127, 0.005
0.002654217537292809,  0.01
0.0005040273572615006,  0.001
0.0003279726156921162, 0.005
-0.0005365713972451433,  0.01
0.0003454699914138973,  0.001
0.001522163563464688, 0.005
0.0009225293998965493,  0.01
-0.0002640587060704281,  0.001
0.0012141770873733357, 0.005
-0.0015393738581154337,  0.01
0.00035589960640264865,  0.001
-0.0014676664461793958, 0.005
0.0022614318651011547,  0.01
0.00012044058644703153,  0.001
-0.0005904855603085131, 0.005
0.0018945191775366667,  0.01
3.1851525635155184e-5,  0.001
0.0006186444148928379, 0.005
0.005960653713155402,  0.01
-3.850151298446269e-5,  0.001
-4.266929031672916e-5, 0.005
-0.00129375821642395,  0.01
-0.0005959349509020035,  0.001
0.00042434474974470464, 0.005
0.0007660189113381315,  0.01
-0.0003306569670743308,  0.001
2.984309605682263e-6, 0.005
-0.00011731154042849486,  0.01
0.000332412236323246,  0.001
-0.00017152872552943707, 0.005
-0.0059459289740185495,  0.01
-1.5574972051396563e-5,  0.001
0.00012698106315131778, 0.005
-0.00010120544588127115,  0.01
0.00029312633636788976,  0.001
-0.006690189007961452, 0.005
-0.003519156405928375,  0.01
-0.00019309138577117387,  0.001
-0.0021866309299378, 0.005
0.005200643131583189,  0.01
-0.00014614702894755638,  0.001
-0.0004041232815469278, 0.005
0.0027759386245009184,  0.01
0.0005923719645098215,  0.001
0.0016776976753916043, 0.005
-0.003953228848346567,  0.01
-0.00042715951533588874,  0.001
0.0001445080433708933, 0.005
0.00048191535920470404,  0.01
0.0007919217707164504,  0.001
-0.00039496789104707074, 0.005
-0.0003914976350170857,  0.01
-0.00015186774763480107,  0.001
-0.0028404708960732047, 0.005
0.004668474714153499,  0.01
0.0002834658791367864,  0.001
-0.0018162025090621477, 0.005
0.000742837632972995,  0.01
3.71626695749117e-5,  0.001
-0.0006691169722276702, 0.005
-0.0007216418550722291,  0.01
0.0010295184401514722,  0.001
-0.00042469169354650087, 0.005
0.00380934734543186,  0.01
0.0006006857935864665,  0.001
4.5399414213422395e-5, 0.005
0.001437289546145348,  0.01
-2.4146218187457504e-5,  0.001
-0.00206005446883028, 0.005
-0.012053373445492491,  0.01
-0.0003579916872546121,  0.001
0.0017245078423951715, 0.005
-0.002603931570802282,  0.01
0.00037901103465103595,  0.001
9.230321225432566e-5, 0.005
-0.0021100753005423834,  0.01
-1.1536394362074039e-5,  0.001
-0.005913842598448363, 0.005
7.07901238409408e-5,  0.01
0.0007940978103031409,  0.001
-0.00019593658792526835, 0.005
-0.001334254732744095,  0.01
3.920735540773313e-6,  0.001
0.0015770405606012588, 0.005
0.00335505394530933,  0.01
4.457813643085458e-5,  0.001
-0.005423764036134151, 0.005
0.0053329616834198665,  0.01
-0.00047921784945540087,  0.001
-0.0019078052709590703, 0.005
-0.00102659306761498,  0.01
0.00034618530701141395,  0.001
-0.003236816207773558, 0.005
-0.004631677890802015,  0.01
0.0005893085268648762,  0.001
0.0004016801414275265, 0.005
0.001884602782662678,  0.01
0.00011942832346121775,  0.001
-0.006198973471120972, 0.005
-0.0017387170018387942,  0.01
5.119665576623943e-5,  0.001
-0.002459870604474474, 0.005
0.00505208843485756,  0.01
-2.2617553619478454e-5,  0.001
-0.001200580542757705, 0.005
0.0035217345590581968,  0.01
0.0001602082409460049,  0.001
-0.0014845019188992547, 0.005
-0.002490884086468232,  0.01
0.00034893786509369244,  0.001
-0.003971975250516042, 0.005
0.0026094836013718188,  0.01
0.0003807664328434637,  0.001
-0.0015957024714810663, 0.005
-0.0003800202027916024,  0.01
0.00016320702685680458,  0.001
-0.00420837027269773, 0.005
0.000167543820204944,  0.01
1.782508169835755e-5,  0.001
-0.0014812258508995445, 0.005
-0.00013998947989188508,  0.01
0.0004296007841188277,  0.001
0.0004662547549370412, 0.005
-0.0027941811750628745,  0.01
-0.0001817478480826,  0.001
0.0004255854755162001, 0.005
-0.0027151411135686626,  0.01
-7.82889510749704e-5,  0.001
-0.0027243824304359556, 0.005
0.00026314339904525807,  0.01
0.0004654262771607849,  0.001
0.0010728138743677867, 0.005
0.0004904258521995126,  0.01
-0.0002765057279141089,  0.001
0.002751903542264228, 0.005
-0.0015842573163051918,  0.01
-0.00019408747943115814,  0.001
0.0003725874913114618, 0.005
-0.0013263106326394775,  0.01
0.00011613581342595298,  0.001
-0.0029217313875247305, 0.005
0.0029771771760120818,  0.01
-7.8930281492061e-5,  0.001
0.0018091034028659243, 0.005
-0.003601419610246243,  0.01
-0.0003298452581897045,  0.001
-0.0010965578083394457, 0.005
0.005382426332853325,  0.01
0.0009373451062949959,  0.001
-0.0022276268892433685, 0.005
0.0018238310596816725,  0.01
-0.0001820636809020741,  0.001
-0.005383807923168028, 0.005
-0.0006557521416249881,  0.01
-1.595209500010934e-5,  0.001
0.0002682838046566608, 0.005
0.004264779159508573,  0.01
3.042958780678306e-5,  0.001
0.0001639876746243293, 0.005
0.002159094671163418,  0.01
0.0002286885293274567,  0.001
-0.004926599168461766, 0.005
0.003863016842856124,  0.01
1.7181547081596666e-5,  0.001
0.0009590637618296833, 0.005
0.00015322075689365382,  0.01
-0.0002443736020466963,  0.001
-0.0018019189070924682, 0.005
0.0008563661860200235,  0.01
0.00014268609594416995,  0.001
-6.876953293986348e-5, 0.005
-0.003291422028331341,  0.01
0.00028725116357033824,  0.001
0.007668885717014683, 0.005
0.0002678483469924056,  0.01
0.0006656408503122971,  0.001
0.001798299937668396, 0.005
0.0008311725907046431,  0.01
-7.778811471044916e-5,  0.001
-0.003900587765903742, 0.005
-0.0011128387040936166,  0.01
-2.1743664538167514e-5,  0.001
-0.0005311777187701215, 0.005
0.0015519766776600822,  0.01
0.0005920738838482079,  0.001
0.002373080901627009, 0.005
-0.002158568426032739,  0.01
0.0002581669291686095,  0.001
0.00046232854713443695, 0.005
0.0024949019609298035,  0.01
0.00029976389000974205,  0.001
0.0010263912255825266, 0.005
0.0033620277290778147,  0.01
-0.0004537259111707005,  0.001
0.0019862587171506894, 0.005
0.0020165383942612526,  0.01
0.000592385652534978,  0.001
0.0007244943900612155, 0.005
0.002359002087850601,  0.01
-0.0003097863566761199,  0.001
-0.0002482481530550784, 0.005
0.002825840787502629,  0.01
-4.7566607509789726e-5,  0.001
0.00195173391121869, 0.005
-0.00816714350134088,  0.01
-0.0002890793725565469,  0.001
-0.001189799409997663, 0.005
0.003224445055057782,  0.01
-0.00011391982498825806,  0.001
5.202453682767204e-5, 0.005
-0.0008997455456493461,  0.01
0.00012079960033496375,  0.001
0.002520820041423234, 0.005
-0.0015432106689849815,  0.01
-8.756737931079784e-5,  0.001
-0.0010868514254179543, 0.005
0.0030392449472736696,  0.01
-0.0009362966571276944,  0.001
-0.0024958579822398743, 0.005
0.0019656123273675574,  0.01
-0.0003751374185093102,  0.001
0.00019982880503282554, 0.005
-0.0013652599785314151,  0.01
0.0001176204424321354,  0.001
0.0012740332696995107, 0.005
-0.00020450783258230435,  0.01
2.298382498430146e-5,  0.001
5.867216715943153e-5, 0.005
0.005812494275470699,  0.01
4.2236830304550524e-5,  0.001
-0.0018376452535153207, 0.005
0.0006363217312452432,  0.01
0.00013884470198496162,  0.001
0.005546582563709387, 0.005
-0.0004955326604238391,  0.01
-0.00018901291976602722,  0.001
-0.0008049684877244874, 0.005
0.0013164324883775745,  0.01
-0.0003824516204084845,  0.001
-0.0006178179665652847, 0.005
-0.006944916891152408,  0.01
-2.043336463019673e-5,  0.001
-0.0008132634737978436, 0.005
-0.0044052183515443655,  0.01
-2.3144824995642724e-5,  0.001
0.002301477600927915, 0.005
-0.0042179632596126325,  0.01
1.435443929527158e-5,  0.001
-0.0018545418197514656, 0.005
-0.006905215431972732,  0.01
-5.2628707000572424e-5,  0.001
-0.00043614202256126035, 0.005
-0.003114373355537206,  0.01
-0.0005123074118928648,  0.001
-0.001716911394706278, 0.005
-0.0007821078394554934,  0.01
0.00018280452173530874,  0.001
0.001255217004758926, 0.005
-0.004729092134551901,  0.01
-6.257877838044924e-5,  0.001
0.0020439230334865833, 0.005
0.0012838400135751502,  0.01
0.00011896982349042058,  0.001
0.0006403854009154224, 0.005
-0.00018874240645670124,  0.01
0.000407776311663941,  0.001
0.0030669545596195957, 0.005
0.0038523172972837094,  0.01
-0.0001839160332462311,  0.001
-0.0006767132425272498, 0.005
-0.0010301423185187408,  0.01
-0.0002734965275340999,  0.001
0.0066197548248789735, 0.005
0.0015240348356050603,  0.01
-0.0004150837187528865,  0.001
-0.0011368019453003087, 0.005
0.0003192341049639692,  0.01
-0.000261482873347247,  0.001
0.00012269163062876578, 0.005
-0.004075518718125847,  0.01
-0.00010697094001522537,  0.001
-0.0005715828547507758, 0.005
6.991844927127652e-5,  0.01
8.990506121781565e-5,  0.001
0.002654704339018726, 0.005
0.0016331905371017666,  0.01
1.1916332748244706e-5,  0.001
-0.0025699008401549985, 0.005
-0.00010652140957158158,  0.01
-6.360111416396691e-5,  0.001
-0.0008565389072033463, 0.005
0.00060261765977427,  0.01
0.00024135942759522777,  0.001
0.0003335253523120057, 0.005
0.0016774617376630215,  0.01
5.156750888431299e-5,  0.001
-0.0009075704391262975, 0.005
0.0023616731197946246,  0.01
0.0006486592451188627,  0.001
-0.0006162046070560003, 0.005
0.00026044936862942565,  0.01
-0.00022789646874595183,  0.001
-0.0021902140665966147, 0.005
-0.0056929601999198545,  0.01
-0.00011302527927377035,  0.001
0.00021385854924735637, 0.005
-0.009811622868203184,  0.01
-0.00014578310541527213,  0.001
-0.0004910753634480408, 0.005
-0.00028828176372954156,  0.01
0.00046946714063966056,  0.001
0.0010230748691825431, 0.005
0.00039902608361167967,  0.01
0.0004852613886161183,  0.001
6.199240445619451e-5, 0.005
0.00013489398110987468,  0.01
9.183153679085842e-5,  0.001
0.0005045875887527788, 0.005
0.00767059899089319,  0.01
6.814935137568503e-5,  0.001
-0.0001917125658452066, 0.005
0.0024278569089517146,  0.01
-2.0601123739397887e-5,  0.001
-0.0009495465190728356, 0.005
-0.001595335330342735,  0.01
-0.0004330423935168307,  0.001
-0.000394484864280461, 0.005
0.0007370697216538584,  0.01
0.00016923093014497033,  0.001
0.0033832366565164215, 0.005
0.00021617580159085612,  0.01
-4.940387754746387e-5,  0.001
-0.00036016280567500715, 0.005
-0.004544032845428783,  0.01
-7.115301951502851e-5,  0.001
0.0012666171096612992, 0.005
-0.001188498544224952,  0.01
4.091300680317527e-5,  0.001
0.0016568115354774803, 0.005
0.0026217680544422216,  0.01
0.00025000164522435465,  0.001
-0.001915766545007976, 0.005
-0.0015641812836171849,  0.01
-0.00025183772054919283,  0.001
0.007630415651667778, 0.005
-0.0007112101975074668,  0.01
0.0006218156269834509,  0.001
-0.000324665993466094, 0.005
-0.0007991752789983103,  0.01
0.00042715771581749176,  0.001
-0.0006092600632945858, 0.005
6.786589648800598e-5,  0.01
0.0002564252163536438,  0.001
-0.003413133830553279, 0.005
-0.002333717140909103,  0.01
0.00027097852742685144,  0.001
0.0008940293692576137, 0.005
-0.0055238778178744305,  0.01
-0.0007219783221015887,  0.001
-0.0011966940443483255, 0.005
0.0013385389528728436,  0.01
-0.0001759935358072275,  0.001
0.0017178978209750702, 0.005
0.0014880254699701962,  0.01
-0.00038216194290178085,  0.001
0.004817578303861355, 0.005
-0.002869662256801724,  0.01
7.030562600328638e-5,  0.001
0.001964801935806404, 0.005
-0.007228237489698167,  0.01
0.00012737359555809306,  0.001
0.0002794400998775061, 0.005
-0.00031965305094689464,  0.01
0.00029629883120141826,  0.001
0.0017876380632826539, 0.005
-0.002565828802837131,  0.01
1.741926862264973e-5,  0.001
-0.0016410731365052286, 0.005
0.007280472439927117,  0.01
-0.0001293087819241765,  0.001
-0.0015223598382066482, 0.005
0.0028583085089585523,  0.01
0.00013453638652924504,  0.001
4.0733588413053665e-5, 0.005
0.003438606198338275,  0.01
0.0001407096296299591,  0.001
-0.0016339859488218545, 0.005
-0.00020592880612271347,  0.01
6.176359859396373e-6,  0.001
-0.003413143192357732, 0.005
-0.0013425401852927951,  0.01
0.0004228810064234147,  0.001
0.0023522251407993248, 0.005
-0.0009984184961551422,  0.01
-0.00010144982648813025,  0.001
0.0006172550006800071, 0.005
-0.00020660562294383124,  0.01
0.00035623102730389947,  0.001
-0.0005162899177118846, 0.005
0.0012647220124859708,  0.01
-0.0003859160416920747,  0.001
0.00375370559195877, 0.005
-0.003478280311577078,  0.01
-0.0001213557726523439,  0.001
-0.00220722390499556, 0.005
0.00024951154787758965,  0.01
0.00015439119968377405,  0.001
-0.00020968828598321072, 0.005
3.577158256730974e-5,  0.01
0.0002099059887731742,  0.001
0.0007703556983357211, 0.005
0.003543197227565826,  0.01
0.00022648580260680666,  0.001
0.001948609194242522, 0.005
-0.0027739458503391852,  0.01
0.0004026551188693692,  0.001
-0.0006177461970599373, 0.005
-0.0026230308293634045,  0.01
-2.5992715882815245e-5,  0.001
-0.00041781027422578657, 0.005
-0.00018247798455605824,  0.01
0.00014675812136054207,  0.001
-0.0010345777662859174, 0.005
0.00127848119091939,  0.01
-0.00017894396537291354,  0.001
0.0015629842781068192, 0.005
0.0033944847816135435,  0.01
-0.00027635924862414477,  0.001
-0.0026900658891916437, 0.005
0.0047332402129734875,  0.01
0.000466814984230184,  0.001
-0.002784021968602166, 0.005
0.0007403919165719454,  0.01
9.51182430323174e-5,  0.001
0.0013191189285777958, 0.005
0.0009218671897477827,  0.01
-0.0003944420579242112,  0.001
0.0018515015749948564, 0.005
0.0009486396820756823,  0.01
-6.84865250273678e-5,  0.001
-0.0008262366214156003, 0.005
0.002912758420333956,  0.01
-0.0003743444438236878,  0.001
0.001839372830433786, 0.005
0.005504946123500417,  0.01
0.0003537992948730354,  0.001
0.0015066686136170192, 0.005
0.0038012718084411254,  0.01
8.078487841438321e-5,  0.001
0.0020626299173765574, 0.005
0.0022032593163795536,  0.01
-0.0001731517443588312,  0.001
-0.00278196785306775, 0.005
6.137468635101336e-5,  0.01
0.00024487325693761756,  0.001
0.0002114201196970172, 0.005
0.002727195613601983,  0.01
0.0007430112555268434,  0.001
-0.0002657095964820391, 0.005
-0.005038608848954121,  0.01
-0.00018242853667919224,  0.001
-0.000886001650081752, 0.005
-0.0004852742203124336,  0.01
0.0005272446486110943,  0.001
0.0020476503266956174, 0.005
0.0014093904205145175,  0.01
0.0005430660286010522,  0.001
0.003973217283249233, 0.005
-0.0022563482108220083,  0.01
0.00023842571191010314,  0.001
-0.00021006763461469872, 0.005
0.001867573805449989,  0.01
-0.00018280856148117358,  0.001
-0.0005584076830388608, 0.005
0.0021899402857520015,  0.01
0.00016778871542910866,  0.001
4.9436483756409225e-5, 0.005
0.0020661233757332613,  0.01
-0.00017147639738845577,  0.001
0.0013379928964468847, 0.005
0.0019886380860705422,  0.01
-0.00017857432908195876,  0.001
-2.5738928879238806e-6, 0.005
0.001336960451740444,  0.01
-0.00029414818721772845,  0.001
-0.0005551782087942715, 0.005
0.0021320118284156226,  0.01
-1.9151886078623567e-5,  0.001
0.001574342364478062, 0.005
0.004318821875714626,  0.01
0.00034278167621738884,  0.001
0.0008692324775777737, 0.005
0.00399998386046172,  0.01
0.00031024039831668257,  0.001
0.0006288535444637066, 0.005
-0.007157173867462444,  0.01
0.00024598093486047514,  0.001
0.00013562373836247907, 0.005
0.0013500773547837836,  0.01
-4.0485067760761536e-5,  0.001
-0.0005584160950629522, 0.005
0.0015251839347736528,  0.01
-6.880286225329895e-5,  0.001
-0.002639166518988722, 0.005
-0.0005819016115429332,  0.01
8.54261314344782e-5,  0.001
-0.0002255284581410035, 0.005
0.0012753757034928439,  0.01
-7.395842891282362e-5,  0.001
0.0006546228177338996, 0.005
0.003163960045558268,  0.01
-0.00035566002165079503,  0.001
-0.0021248915786964344, 0.005
-0.0007303698302034001,  0.01
0.0004449271436181003,  0.001
0.0005854281843223583, 0.005
-0.0020089002688344617,  0.01
0.0005945693660498807,  0.001
-4.953379189368074e-5, 0.005
0.00032177682195544437,  0.01
-0.0006448388079529244,  0.001
-0.000824239068999669, 0.005
-0.0015548739244433548,  0.01
-0.0003094412680870924,  0.001
-0.00215164600365973, 0.005
0.0007151940054875578,  0.01
-0.0003103861093817749,  0.001
-0.0019869564723204256, 0.005
-0.002741961272602685,  0.01
3.733298594896421e-7,  0.001
-0.0011350779332313576, 0.005
-0.0021458090328362604,  0.01
0.0002725337236916698,  0.001
0.0022255533518970904, 0.005
-0.00024091132267890094,  0.01
0.000162464030352916,  0.001
-0.004251391036982946, 0.005
-0.0037488802037296343,  0.01
0.0003978429508264517,  0.001
-0.0014376659298595967, 0.005
-0.0008550031575471017,  0.01
-0.00042404973331475047,  0.001
-0.0005263058480406927, 0.005
-0.0007319778352936794,  0.01
6.666833385327267e-5,  0.001
0.0005375093057427476, 0.005
0.0047107070671971885,  0.01
-0.0003888810894585917,  0.001
-0.001734647250514897, 0.005
0.0029218333139661478,  0.01
0.00021641777992614545,  0.001
-0.00027711387801236653, 0.005
0.0032392903377665427,  0.01
0.000396035555714518,  0.001
-0.0016447705621333675, 0.005
-0.003473799660611012,  0.01
-0.0002692754007732931,  0.001
-0.0013143535978033742, 0.005
0.003930399286753069,  0.01
0.0003628884775261164,  0.001
-0.0031545316258575914, 0.005
0.0022353194754592106,  0.01
-0.00019956163174767632,  0.001
0.00034398477571820476, 0.005
-1.5896914903830104e-7,  0.01
-0.0005701073708958854,  0.001
-0.00013216208592093035, 0.005
0.004750815049066451,  0.01
-4.565993565486877e-6,  0.001
0.0012503660637135255, 0.005
-0.0020034452973330965,  0.01
0.0002284031708657702,  0.001
-0.0016829059009187898, 0.005
-0.002916085285614668,  0.01
-0.0005686749958772356,  0.001
0.00011711252475874328, 0.005
0.0018297451792330672,  0.01
3.463616876473877e-5,  0.001
-0.0002377131541756222, 0.005
0.001727196803944286,  0.01
9.612519363007009e-5,  0.001
0.00017360393427060363, 0.005
0.001211452870452888,  0.01
0.00010208970827575848,  0.001
0.000545242933184728, 0.005
-0.0011974185915510412,  0.01
0.0001829522700878361,  0.001
0.0003307074719711132, 0.005
-0.0004060176372521395,  0.01
5.207523868619089e-5,  0.001
-0.0015375584750087156, 0.005
-0.000734783370233974,  0.01
-0.00048621612923159936,  0.001
0.00021343954810337573, 0.005
0.000979534191767432,  0.01
-5.149981615578261e-5,  0.001
0.009585966335546975, 0.005
-0.004392678511753038,  0.01
-0.0001422678078287414,  0.001
0.0027687495563319827, 0.005
0.005134565481430189,  0.01
-7.304629335918021e-5,  0.001
0.0011452261804838536, 0.005
-0.00012139456857959707,  0.01
3.595422789507674e-5,  0.001
0.002573156685242116, 0.005
-0.0021896701924266617,  0.01
0.0004159837982127333,  0.001
0.0017267918690663062, 0.005
0.00036930203389497055,  0.01
-0.00011803109011402491,  0.001
0.0030833276072898376, 0.005
-0.0035634059316749186,  0.01
5.32269555312609e-5,  0.001
-0.0016992712244925019, 0.005
0.0012776950742137765,  0.01
0.0001808090925728931,  0.001
0.0026193770551670662, 0.005
0.0006569492069357499,  0.01
-0.0007101067944893402,  0.001
0.0020099833703750335, 0.005
-0.000736482934115013,  0.01
-0.0004382887717452218,  0.001
-0.0017160950767070994, 0.005
-0.0038714555895355295,  0.01
0.00032843206051241775,  0.001
0.002004995570536196, 0.005
-0.00048000481246319836,  0.01
2.9351460750749905e-5,  0.001
-0.001158598886644629, 0.005
-0.0008993395314296071,  0.01
0.00012203286254468436,  0.001
-0.0022580124697761305, 0.005
0.0024305071736915635,  0.01
-0.00014888334180301215,  0.001
-0.0012286097861878321, 0.005
-0.004251005989787193,  0.01
7.980497461280841e-5,  0.001
-0.00020503537715274396, 0.005
-1.4067532151729162e-5,  0.01
-0.0002586116703854093,  0.001
0.0006767470140002946, 0.005
0.00699629243644137,  0.01
-5.617313960997211e-5,  0.001
-0.0015298147918023502, 0.005
0.0018776431414111586,  0.01
-0.0005441259776906403,  0.001
-0.0005360434948818596, 0.005
0.0004586445227256527,  0.01
0.0005406486766266053,  0.001
0.0007010504380432747, 0.005
0.005931457344488033,  0.01
3.2364829886856105e-5,  0.001
0.0005374634603012712, 0.005
-0.001845695094877049,  0.01
-0.0006784305665176695,  0.001
-0.0014947210689183824, 0.005
0.003892418916627051,  0.01
0.00019297665563498579,  0.001
-0.00015857231179165686, 0.005
-0.0031208089674487544,  0.01
-0.0001429398051192877,  0.001
0.00023255264363759092, 0.005
-0.0052164276717053095,  0.01
0.0002686187349881713,  0.001
0.0007598048788750293, 0.005
0.0017561587236820343,  0.01
0.00035770453518409054,  0.001
-0.0016138137613846738, 0.005
-0.0014217986279852887,  0.01
6.588247605762318e-6,  0.001
0.00043900619348735003, 0.005
0.005318808478495064,  0.01
-0.00025325203365605145,  0.001
-0.004595797282023499, 0.005
-0.0020448453868681447,  0.01
0.0003918411973604915,  0.001
0.0010328479391437597, 0.005
-0.002036659124220181,  0.01
8.743076695772658e-5,  0.001
0.0030631437109412524, 0.005
0.004623857128516009,  0.01
-0.00016419399764953075,  0.001
0.00011356875982513656, 0.005
-0.0021836604660975976,  0.01
-6.236598194086058e-5,  0.001
-8.021404560331914e-5, 0.005
-0.00572181053202773,  0.01
0.00023986680361653045,  0.001
-0.004418721829274807, 0.005
0.004935342067569885,  0.01
9.315824734469576e-6,  0.001
-0.0019479464770459198, 0.005
-0.000828500175397601,  0.01
-5.7073032864933255e-5,  0.001
-0.000612069564342905, 0.005
-0.0056395455178441575,  0.01
9.846235965719252e-5,  0.001
0.0005761720358458997, 0.005
-0.006997491546248945,  0.01
2.0898684164885836e-5,  0.001
-0.0020842504840885715, 0.005
0.006911184140781021,  0.01
-0.0003254818907273475,  0.001
0.0010430915883122857, 0.005
-0.0007617484435517142,  0.01
0.00013462628851990734,  0.001
-0.0018899499026358109, 0.005
0.0009575950152364453,  0.01
-0.00022794806111377908,  0.001
-0.0015789192147810673, 0.005
-0.0020989645560091077,  0.01
-0.0003513042192221293,  0.001
0.0012848673541497298, 0.005
0.0015042484820388764,  0.01
4.122175355780702e-5,  0.001
0.0014910712798522773, 0.005
-0.004582733796720302,  0.01
-2.323573623749026e-5,  0.001
0.0010059832879703303, 0.005
-0.006333387994118393,  0.01
-2.8193566220686416e-5,  0.001
-0.00014453706305715255, 0.005
-0.0014720809156491183,  0.01
-5.897257995345797e-5,  0.001
0.0011393317709311869, 0.005
0.0005079221848987418,  0.01
0.0002476252288762524,  0.001
-0.0031218626582787466, 0.005
0.0033571804613775546,  0.01
0.0002373121347788677,  0.001
-0.0018532156180601962, 0.005
0.0044575596989413786,  0.01
-4.983796116175774e-5,  0.001
0.0002922367672164845, 0.005
0.0025134897835414126,  0.01
0.0006660529624469934,  0.001
0.0017673401959472674, 0.005
-0.001576772591701257,  0.01
0.00010689245348425832,  0.001
0.00019997147820391311, 0.005
0.00212832442121108,  0.01
-0.0003315977083621302,  0.001
0.0013487605448570402, 0.005
0.0029945977495737654,  0.01
-0.00014488771033684084,  0.001
-0.0008104402879585599, 0.005
0.003219876026202585,  0.01
-0.00025649861924420043,  0.001
-9.262190797174066e-5, 0.005
0.00025355451629640447,  0.01
0.00033103590322621846,  0.001
-0.001110435730198694, 0.005
0.005040772008110388,  0.01
0.00011931826505327193,  0.001
0.0005729392467877573, 0.005
0.0031787935222752453,  0.01
-0.00029003940553167326,  0.001
0.0030931456947910947, 0.005
0.0029535480000977866,  0.01
-0.00035444264708093355,  0.001
0.0002603899002680357, 0.005
-0.002044515628523179,  0.01
0.0005324577585081566,  0.001
0.0005256270432452493, 0.005
0.00017973394952351554,  0.01
0.00010810376266577681,  0.001
0.001389312726665075, 0.005
6.054325087525287e-5,  0.01
-0.00019192626049586775,  0.001
-0.0027917904125399975, 0.005
-0.005072856837551378,  0.01
0.0005423332692284418,  0.001
-0.0033141365710482817, 0.005
0.0013304079409075793,  0.01
-0.0005155671427021515,  0.001
-0.0018387300402512472, 0.005
-0.001375291809597584,  0.01
-0.0001765307928186764,  0.001
-0.0014953061175478676, 0.005
0.0010901423347387184,  0.01
0.00012186503840661692,  0.001
-0.002626338339087096, 0.005
-0.005659309640830325,  0.01
0.0007344496712386914,  0.001
-0.0026969744183537106, 0.005
-0.0005004471304324225,  0.01
-0.00035820310954921494,  0.001
0.0001927667799884479, 0.005
-0.0024946788834420484,  0.01
-3.482804189895776e-5,  0.001
0.000612279250950188, 0.005
0.003822639749252347,  0.01
-0.00028575673229486496,  0.001
-0.0009346942358988102, 0.005
-7.264913087402474e-5,  0.01
-0.00045127347637489973,  0.001
-0.0022710411571696533, 0.005
-0.0027461884690928107,  0.01
0.0002677865366877692,  0.001
0.0024416517171374393, 0.005
-0.00370563567164495,  0.01
0.0002541472775271642,  0.001
-0.0006060815663579805, 0.005
0.00020313127937585346,  0.01
-2.013020116387064e-5,  0.001
0.0012747498804461018, 0.005
-0.004334481403484387,  0.01
0.0006970735884852451,  0.001
-0.0011722746255567722, 0.005
0.0010374869558111976,  0.01
4.465266494432902e-5,  0.001
-0.0017739440602121555, 0.005
0.0012926593172593397,  0.01
2.5254094553170956e-5,  0.001
-0.001565755846062325, 0.005
-0.003422871196734791,  0.01
0.0005565915825739123,  0.001
0.0010122310064942712, 0.005
0.0003640348973880071,  0.01
0.00038116977514823607,  0.001
0.00047126244860214536, 0.005
0.0016294889215119203,  0.01
-0.00014377013337645703,  0.001
0.001415795741408816, 0.005
0.0020571823460221717,  0.01
-0.00019580990193937374,  0.001
0.001040914042945664, 0.005
0.006186733453539457,  0.01
0.0003004917740124531,  0.001
0.0016700818593763144, 0.005
0.00152262344579965,  0.01
-7.25133656774193e-5,  0.001
-0.0019805728694070835, 0.005
0.00013689089285255388,  0.01
-0.000794452464263634,  0.001
-0.001229515713446122, 0.005
-0.00042016425036404996,  0.01
-0.0001873415991490872,  0.001
0.0011371289896181772, 0.005
-0.0035157988616090693,  0.01
-0.00031284281693183503,  0.001
-0.0003965737542675556, 0.005
-0.0028675425976368725,  0.01
0.0004159618177496876,  0.001
0.0019888838294197433, 0.005
0.006093245640580378,  0.01
0.00022093452679854543,  0.001
0.0011688091241761364, 0.005
-0.0057583925018486635,  0.01
4.326513596278697e-5,  0.001
-6.824320975253457e-5, 0.005
-0.0010225414355185564,  0.01
-7.882046245092842e-5,  0.001
-0.006890599214933573, 0.005
-0.0004208419036002265,  0.01
0.0005517055961150483,  0.001
0.0008011596513648744, 0.005
0.0015762070021562334,  0.01
0.0001789786593730194,  0.001
-2.4837565033025457e-5, 0.005
-0.0016194295917465764,  0.01
0.00017193621663434078,  0.001
0.0010624653018570882, 0.005
-0.002644139062881687,  0.01
-0.00021183054733335668,  0.001
-0.0009466214893536543, 0.005
-0.0010359491862920297,  0.01
-0.00039309368612925065,  0.001
-0.002954966726086233, 0.005
-0.003972421879921874,  0.01
0.0004763326870041277,  0.001
-0.0005560322835922, 0.005
0.0032701200506593977,  0.01
-0.00019639670290125212,  0.001
0.0010367983505236425, 0.005
-0.0035023189511693867,  0.01
-0.0002230180833123235,  0.001
0.0006868313086585158, 0.005
-0.005712175153033495,  0.01
-0.0004268896948472507,  0.001
0.001583945952934284, 0.005
0.0021794580186386575,  0.01
0.0006413460019911989,  0.001
0.00036273630785656994, 0.005
-0.0032698650559380067,  0.01
0.00027867342016596973,  0.001
0.0005762454446867772, 0.005
-0.002223833516039596,  0.01
0.00011323801792820023,  0.001
-0.0008364770208461717, 0.005
0.003623462346585809,  0.01
0.0002690467406833856,  0.001
0.00011905597448991372, 0.005
0.0010754800505238867,  0.01
6.266097632054267e-5,  0.001
-0.0009757909827403343, 0.005
-0.00505731297140333,  0.01
0.00014718170476159977,  0.001
-0.00014648361338984945, 0.005
0.0036448432968191327,  0.01
0.0005188859371362139,  0.001
0.0005209629209757059, 0.005
0.005517610596411378,  0.01
-0.00018021338631764276,  0.001
-0.00016933845978115322, 0.005
-0.00038828967180985725,  0.01
-0.00047568154111911923,  0.001
0.0035058722259874247, 0.005
0.0016857874785355552,  0.01
0.00023941517050601963,  0.001
0.0004953798715437384, 0.005
0.0012225143498508508,  0.01
-0.00031874147799869243,  0.001
0.0010305811416144815, 0.005
0.0017318520351780862,  0.01
0.0002689260457182452,  0.001
0.00035421982858312184, 0.005
-0.005492374163997708,  0.01
0.0007195194660881681,  0.001
0.0021276806285707175, 0.005
-0.004668093927961508,  0.01
0.0003050212416528773,  0.001
-0.002034478728013828, 0.005
0.002556574159951604,  0.01
0.0001286199668312547,  0.001
-0.004136490765609632, 0.005
-0.0023430770704468726,  0.01
0.0003735768758843936,  0.001
-0.0011672609512072664, 0.005
0.0005131170660384387,  0.01
-0.00018416459619622364,  0.001
-0.003979876642421659, 0.005
-0.01026131941720633,  0.01
-6.543596770906295e-6,  0.001
0.001772662725590545, 0.005
-0.0015715851762354099,  0.01
4.853189164042131e-6,  0.001
-0.00034260958059457433, 0.005
-0.003442322390824967,  0.01
0.0004176049321081539,  0.001
0.001641094340367657, 0.005
0.010043942397924048,  0.01
-4.614571644434022e-5,  0.001
0.00044284986623999346, 0.005
0.00429086395006616,  0.01
4.3747571057180655e-5,  0.001
0.0015467640324197847, 0.005
0.006778113911926784,  0.01
-0.00020165811654235578,  0.001
0.00035519702302030704, 0.005
-0.0015684189068083784,  0.01
-7.654743846550288e-5,  0.001
0.0024689288521350314, 0.005
0.0021832589035861738,  0.01
-0.0001830468938017766,  0.001
-0.00037420911346367213, 0.005
-0.001092893202965725,  0.01
-0.00014940702692311944,  0.001
-0.0010132011610069981, 0.005
0.004946018586352155,  0.01
-0.00027111105292487855,  0.001
-0.001076359573942012, 0.005
0.002962204779202126,  0.01
-0.00026045530296101786,  0.001
0.004107441369095861, 0.005
-0.0024693762747946863,  0.01
-0.00045522889270868184,  0.001
-0.002249188624242192, 0.005
-0.0001666415702075748,  0.01
-0.00017003649999270247,  0.001
0.0027961472204960586, 0.005
0.004051552268906465,  0.01
-0.0002426885992382623,  0.001
-0.0011115374807483137, 0.005
0.0002371545047792579,  0.01
-0.0002601951411576812,  0.001
0.00040374920702210265, 0.005
-0.0010376169798435612,  0.01
-9.668538244500928e-5,  0.001
-0.0005492563861105501, 0.005
-0.0027448139959467717,  0.01
0.00037301452016829225,  0.001
-0.0031510087212187304, 0.005
-0.0016189606198179544,  0.01
-0.00012049171917359342,  0.001
0.00047598316281128054, 0.005
0.004242842470535943,  0.01
2.4371689687288912e-5,  0.001
1.1529811619885168e-5, 0.005
0.00804005209802509,  0.01
-0.00018916441367799707,  0.001
-0.004055805119694939, 0.005
4.6069263474546165e-5,  0.01
-0.0002837337578945552,  0.001
0.0001647851061675375, 0.005
0.0038813860469434146,  0.01
0.0004933185797256706,  0.001
-0.0025742143749571847, 0.005
-0.0006786638078346212,  0.01
0.0007890996600447422,  0.001
0.00025148598650798123, 0.005
-0.0006009467289993573,  0.01
0.00017493959214928746,  0.001
0.0008624346589514226, 0.005
0.0010202568580609398,  0.01
-3.0791716519505746e-5,  0.001
-0.001112871981061264, 0.005
0.0017785174811782627,  0.01
-5.891279101583454e-5,  0.001
0.0012662886083955732, 0.005
-0.0007307802419732192,  0.01
-0.00043965422447099023,  0.001
-0.00042277645995384533, 0.005
-0.0010473653993460297,  0.01
0.00010463180010151386,  0.001
0.0003450314288718575, 0.005
-0.0015587707961173653,  0.01
-0.00030099452421488923,  0.001
-0.0014722735786062812, 0.005
-0.0008491140539558069,  0.01
0.00010812785034455164,  0.001
-0.00032381456905281107, 0.005
-0.003241943694067422,  0.01
0.00027223709258874515,  0.001
0.0005720505252503988, 0.005
0.001858014428741534,  0.01
-5.3777525339144064e-5,  0.001
0.001195101300777972, 0.005
-0.005281128454949769,  0.01
7.146670481991616e-5,  0.001
-0.0017211639952059933, 0.005
0.007930839168332706,  0.01
-3.232619849087685e-5,  0.001
5.275472520937785e-5, 0.005
0.002098987060520083,  0.01
-0.0002294046368821039,  0.001
0.0004339055667193512, 0.005
-0.003106817381110824,  0.01
-0.0001862359862661207,  0.001
6.67531080380854e-5, 0.005
-0.0025209821399028707,  0.01
-0.00017639455758433837,  0.001
-0.001290675205735028, 0.005
0.005553049562340956,  0.01
-0.0010643770083491018,  0.001
0.0023141625520247296, 0.005
0.0010009841558905777,  0.01
0.0004627610578760897,  0.001
0.000488837619415159, 0.005
0.0026742609811794497,  0.01
9.537342185335072e-5,  0.001
0.002083972678188812, 0.005
0.0012422895993248054,  0.01
1.5650314738744488e-5,  0.001
-0.0010045604198367951, 0.005
-0.003718160747874872,  0.01
-3.991953328356732e-5,  0.001
-0.0021755954108039484, 0.005
0.004112401586327157,  0.01
0.00010920746956285652,  0.001
0.001726454075366304, 0.005
0.0016193923269933932,  0.01
5.705818654898313e-5,  0.001
-0.0006802522629285033, 0.005
0.0023786668474456616,  0.01
-0.0004303968332560291,  0.001
-0.0006663037456196602, 0.005
0.0015216575413975822,  0.01
0.0005452372846835551,  0.001
0.0006131693108161944, 0.005
-0.0015162182002954343,  0.01
-0.00024916708284898506,  0.001
0.000559157185267092, 0.005
0.005741513496555713,  0.01
0.00021952822906457203,  0.001
0.0031239011884826324, 0.005
0.004658805733049716,  0.01
-0.00019445202635823337,  0.001
0.0013777142703011386, 0.005
-0.0017389256191551628,  0.01
-0.00020000065520834863,  0.001
-0.0016802140992345956, 0.005
0.002435358816763579,  0.01
0.00015920293891771666,  0.001
-0.0032619991168635508, 0.005
0.002170977652699372,  0.01
4.4204256623496324e-5,  0.001
-0.00104989028259194, 0.005
0.001354397920451597,  0.01
-3.124023271453066e-5,  0.001
0.0009348732149648206, 0.005
-0.0008957556276834037,  0.01
-0.0005577926055259791,  0.001
0.003535117313945605, 0.005
0.009330487242950727,  0.01
0.000134444413283037,  0.001
-0.001025837529639916, 0.005
0.011336466682640026,  0.01
0.00021502481614699942,  0.001
-0.002175131372478912, 0.005
-0.002800647827986977,  0.01
0.0003231608151975094,  0.001
-0.0028111618718164224, 0.005
0.0018327337399421393,  0.01
8.70148154523416e-5,  0.001
0.001481686710597743, 0.005
0.0003852409450883529,  0.01
-5.733362536002548e-5,  0.001
-4.510520217222441e-5, 0.005
-0.0013278812141769686,  0.01
-0.00019381213510306038,  0.001
0.00047888127554402397, 0.005
0.0011971434464104638,  0.01
-0.0002546982940877597,  0.001
-0.000934105813912574, 0.005
-0.0019329487042591316,  0.01
-1.0335356319692756e-6,  0.001
-0.0013816043167309397, 0.005
0.007926352382641362,  0.01
0.0001706565957224132,  0.001
0.00011762703493015941, 0.005
0.0009623897072998897,  0.01
-6.749613461543201e-5,  0.001
-0.0009228196790273362, 0.005
-0.0015734434398063924,  0.01
0.0001762608525299891,  0.001
-0.0009472418135319308, 0.005
0.004033876614816312,  0.01
0.00019950657814132733,  0.001
0.0022233135112746903, 0.005
-0.002209599281432875,  0.01
-0.0004154979597227497,  0.001
-0.0009901229651402843, 0.005
-0.0043721448928324075,  0.01
0.0002538410130849644,  0.001
0.00046150850224017676, 0.005
0.0013964999772522603,  0.01
0.00015864225825696875,  0.001
-7.104473570619837e-5, 0.005
0.0025176507659083617,  0.01
0.0001456918962249429,  0.001
0.0007346635336990273, 0.005
0.0030416755730845704,  0.01
0.00030248901658895495,  0.001
0.0006709922680066878, 0.005
-0.000998813888503176,  0.01
0.0008433032673581895,  0.001
0.0017116387711336527, 0.005
-0.004216932052405755,  0.01
4.339690847383381e-5,  0.001
0.0008415433412622181, 0.005
0.0040420326285026545,  0.01
-0.00052037960107362,  0.001
-0.0008863481752240342, 0.005
0.0027717731545347114,  0.01
1.1232715683463775e-6,  0.001
0.001370656204219192, 0.005
-0.0016273434869113665,  0.01
-0.00010277644554261218,  0.001
-0.0005646167157592522, 0.005
-0.004740056689593908,  0.01
-0.00014267124954181983,  0.001
0.0004011287888424726, 0.005
0.0004543968824541401,  0.01
-9.410721817331861e-6,  0.001
0.0020433731916698816, 0.005
0.00023327992719450477,  0.01
-0.0009398217940802752,  0.001
-0.00029368381790716223, 0.005
-0.0019326132353954032,  0.01
-0.0003301966108462827,  0.001
0.00030706074039129667, 0.005
0.0018170427596535337,  0.01
-0.0001020205646004878,  0.001
-0.0041637192334993385, 0.005
0.0016863200885071919,  0.01
0.0001431423635340431,  0.001
0.0013710117635653192, 0.005
-0.0027241316259287067,  0.01
-0.0004163822398882917,  0.001
-0.00048168250869518893, 0.005
-0.0006001450761373811,  0.01
-3.535925615533633e-5,  0.001
-0.0009291670012844299, 0.005
-0.0006800325074955041,  0.01
0.0003393090125609132,  0.001
-0.0010226033908113997, 0.005
-0.0018863538777638455,  0.01
0.00030043136116804554,  0.001
0.0016861784954280968, 0.005
0.0012613572815031537,  0.01
-0.00037023459766406515,  0.001
-0.001922307778323528, 0.005
0.004003407026067867,  0.01
-0.00015159211419741076,  0.001
-0.0026670359716485454, 0.005
-0.0005850035661386754,  0.01
0.0001313890182166609,  0.001
0.004635303404743262, 0.005
0.0007149084543922665,  0.01
0.0002912825775479132,  0.001
0.000437447745280478, 0.005
-0.001577671711002957,  0.01
-0.000646712220715374,  0.001
-0.0006250700204841144, 0.005
0.0003179160125515613,  0.01
1.0424691036294986e-5,  0.001
-0.00029542639168650577, 0.005
-0.004587852042311847,  0.01
0.0005655678197597927,  0.001
0.0011787326334219866, 0.005
0.002366702408955237,  0.01
0.0009942544032923626,  0.001
-0.0036451276152483243, 0.005
-0.002561362497122155,  0.01
0.00029921785094643474,  0.001
-0.0014843590675777856, 0.005
-0.0056505511956576404,  0.01
8.856545595144206e-6,  0.001
-8.985220995154823e-5, 0.005
0.0032523673771142013,  0.01
1.5496977691932654e-5,  0.001
0.000783080578947784, 0.005
0.0009239758241727632,  0.01
-0.0003426449020980286,  0.001
0.00043680503302908984, 0.005
-0.0041122209018038805,  0.01
0.00016516063740511239,  0.001
0.0015078236603854424, 0.005
0.004060573353415174,  0.01
-0.00020793858942990773,  0.001
-0.0004147793752021537, 0.005
-0.0017662911673988592,  0.01
-0.0004991418670940813,  0.001
0.001704181885572193, 0.005
-0.0003814000012054888,  0.01
5.533893959355505e-5,  0.001
-0.0007310912518183871, 0.005
-0.01044558135736894,  0.01
-0.00018668896794488425,  0.001
0.002073588202948779, 0.005
0.00946987374466137,  0.01
-9.829147261222985e-5,  0.001
-0.002099527074506346, 0.005
-0.0030386580651662366,  0.01
-0.0006450579724900792,  0.001
-0.0006298189610694582, 0.005
0.0014620725861435315,  0.01
-0.000188912824547103,  0.001
-0.001114076285471688, 0.005
0.00045711336744948234,  0.01
-0.00035361904959885877,  0.001
0.0014929200324926208, 0.005
-0.008671452860018178,  0.01
-4.1811185695510086e-5,  0.001
-0.0019322680525884896, 0.005
-0.0035674343384823125,  0.01
0.0003713776799341661,  0.001
-0.0032059171470372612, 0.005
0.00021007329655625613,  0.01
-0.00014276819144015633,  0.001
-0.000924063103722446, 0.005
-0.0024614547353822534,  0.01
-0.00017199085085643835,  0.001
0.001984157007556156, 0.005
-0.002412947762962724,  0.01
-4.9469489846186444e-5,  0.001
0.0017767113372993816, 0.005
-0.0036077830989920826,  0.01
-2.56416906990896e-5,  0.001
0.0008158382153985233, 0.005
-0.006541080728854657,  0.01
-0.00047568479381837386,  0.001
-0.0009885925393539024, 0.005
-0.003933475735633351,  0.01
-0.0005324246259941301,  0.001
0.0008985302147701632, 0.005
0.004376573041711264,  0.01
0.00038052880856109697,  0.001
-0.0005163724401045551, 0.005
0.0010253879622961163,  0.01
0.00020617425528151852,  0.001
-0.0041342791026749495, 0.005
0.001342835185525459,  0.01
0.0006878206290320932,  0.001
0.00011853783917616685, 0.005
-0.004877001401259115,  0.01
-8.242606316760183e-5,  0.001
-0.0004074618486058889, 0.005
-0.0021463271270561954,  0.01
-0.00046359911952803854,  0.001
-0.0008001814455281004, 0.005
0.004667466677832892,  0.01
-0.0003021630379109545,  0.001
0.00025266170877829533, 0.005
-0.000373586262281403,  0.01
9.502872082160362e-5,  0.001
0.0012684992158275964, 0.005
-0.00016036416813463265,  0.01
0.00018728256282205856,  0.001
-0.00022447214615990642, 0.005
-0.006079271642590965,  0.01
-0.00024344332245825062,  0.001
-0.0009754400963432163, 0.005
-0.0021147512335553866,  0.01
-6.269453988295123e-5,  0.001
-0.0018327529059652486, 0.005
-0.007259736374534452,  0.01
-0.0003942168615505699,  0.001
0.0010146822671958263, 0.005
-0.004857305759304271,  0.01
-0.0001535584745740656,  0.001
-0.0011062035863669052, 0.005
0.0018242639180273508,  0.01
-3.1168673754779836e-5,  0.001
0.0010262049481883815, 0.005
-0.005216182184794885,  0.01
-7.425382147334807e-5,  0.001
-0.001722448224368576, 0.005
0.006592541411557485,  0.01
0.00048484087785008066,  0.001
-0.0007889032507905485, 0.005
0.001654815341903491,  0.01
0.00017770237263739003,  0.001
0.0009563504412962954, 0.005
0.002859229734744395,  0.01
-0.0004308379552175016,  0.001
0.0014370360912460355, 0.005
0.0008978121482285747,  0.01
-0.00019617451934236685,  0.001
0.001517419621834325, 0.005
0.0002763119298503856,  0.01
-0.0005089963744232604,  0.001
0.0011741329359720545, 0.005
-0.00048546109807618586,  0.01
-0.00017161243937549478,  0.001
-7.494974024825854e-5, 0.005
-0.002251828339695342,  0.01
0.00022158314703721934,  0.001
-0.0003522718094414528, 0.005
-0.003049007513032854,  0.01
1.6166287257183078e-5,  0.001
-0.0024198704519740235, 0.005
-0.0016601415798108519,  0.01
0.0002300286903071526,  0.001
0.002212231413186401, 0.005
0.00044157307650619174,  0.01
-8.337370632379351e-5,  0.001
-0.002866843614421834, 0.005
0.003974576210099299,  0.01
8.832942749989947e-5,  0.001
0.00012316243531772846, 0.005
-0.004620017412877161,  0.01
-0.00020893345385822098,  0.001
0.0015156038873230119, 0.005
-0.0060306570852790365,  0.01
-0.00036210465842352835,  0.001
0.000840966553470846, 0.005
-0.003360074863029493,  0.01
0.00029989768373167277,  0.001
0.004104411971107323, 0.005
0.0003091315790388798,  0.01
0.0005587662627443423,  0.001
-5.203075218489707e-5, 0.005
-0.002060758048825546,  0.01
3.0137554497840015e-5,  0.001
0.00266205863975015, 0.005
0.00479416931108703,  0.01
-6.468356914349037e-5,  0.001
-0.002224893083315447, 0.005
0.005323982302336364,  0.01
-0.0004745100027663697,  0.001
0.0007253158103799346, 0.005
-0.000989234921352208,  0.01
-0.0001773447837780336,  0.001
0.0018223815973883156, 0.005
-0.002401428010859324,  0.01
-0.00013929889191428808,  0.001
0.0015449765499928384, 0.005
0.0045333053054858055,  0.01
0.00027709805050278363,  0.001
0.0022752414473876845, 0.005
0.0027736092979636917,  0.01
-7.89854435240254e-5,  0.001
0.0006712407803544984, 0.005
-0.004888511734439217,  0.01
-0.00023978926653867692,  0.001
-0.0008841871090640397, 0.005
-0.0008691097268394673,  0.01
0.0005297161151684362,  0.001
0.0004612044414128768, 0.005
0.0024652446199861927,  0.01
-0.0001798528765713006,  0.001
0.0010165151966195962, 0.005
-0.0002464804468737458,  0.01
0.00023026567554787782,  0.001
-0.0013124572669496316, 0.005
-0.008210184065043789,  0.01
8.416636311415198e-5,  0.001
0.0003191867041385887, 0.005
0.004390424880257302,  0.01
-1.9254526113382537e-5,  0.001
0.0013036630414822977, 0.005
-0.0006437701238084365,  0.01
0.00020315940875763092,  0.001
-0.0012224170801077888, 0.005
-0.0050946542905729525,  0.01
0.00010357121222023814,  0.001
0.0009928254422904659, 0.005
-0.0002575721767565553,  0.01
6.73473543289575e-5,  0.001
-0.0012406676281781252, 0.005
-0.0009638587211204628,  0.01
0.0002862354336044285,  0.001
-0.003543233374741674, 0.005
-0.006249232837380109,  0.01
-0.0002514355914988912,  0.001
-0.0006615778167426208, 0.005
0.002371051459597593,  0.01
-0.00010946170887442186,  0.001
0.0006423339889294312, 0.005
-0.00571036292727793,  0.01
0.00020058395786514378,  0.001
0.005165730870596843, 0.005
0.006274434474927079,  0.01
0.0001434550267954838,  0.001
0.0006629596955704252, 0.005
-0.0009961160133494704,  0.01
-4.165949172211872e-5,  0.001
0.0003426645938701797, 0.005
-0.003167674239873336,  0.01
-0.00027553208834738804,  0.001
-0.0017134016951996245, 0.005
-0.00041783936247849214,  0.01
2.3600224567923276e-5,  0.001
-0.00025805691965920404, 0.005
0.004086210706321795,  0.01
3.4481540315721056e-5,  0.001
0.0016794661470630335, 0.005
-0.0007648484755638698,  0.01
5.540629763650088e-5,  0.001
0.0030595807376333686, 0.005
-0.003412481328574685,  0.01
0.0006269594434944627,  0.001
6.8429326350538654e-6, 0.005
0.0007750398497953653,  0.01
0.0004396220142597657,  0.001
-0.00031778030371630426, 0.005
-0.006178858203955555,  0.01
0.0012886603132117862,  0.001
-0.002673569327476497, 0.005
-0.00032579724998512116,  0.01
4.704248995212128e-6,  0.001
0.0010695893466790203, 0.005
-9.685701917478471e-5,  0.01
9.613248249805181e-5,  0.001
0.0026029876691776627, 0.005
0.008811264502317647,  0.01
-0.0002823784298583079,  0.001
-0.0015371704361952167, 0.005
0.006708680992794824,  0.01
-0.0001486060275657921,  0.001
-0.0024543226237749953, 0.005
-0.0019150392625391585,  0.01
-3.802599578240641e-5,  0.001
0.0017270179881106534, 0.005
0.000434309391112349,  0.01
0.000231815594903564,  0.001
0.0013575197904884902, 0.005
-0.0011638089891042509,  0.01
-4.2026580847549726e-5,  0.001
-0.001583599814822833, 0.005
0.0025944498495902462,  0.01
7.562047248511826e-5,  0.001
0.0004319007745418703, 0.005
0.0019146764532304553,  0.01
4.050062478436023e-5,  0.001
-0.0028426651565534424, 0.005
0.0010110649649847088,  0.01
-0.0006351495966963764,  0.001
-0.0007886759242734393, 0.005
-0.003969204903028201,  0.01
-0.00025230972483106706,  0.001
-0.00028629981595332824, 0.005
-0.002576795174745008,  0.01
-7.242984649494122e-5,  0.001
0.00492741212052129, 0.005
-0.004830366514952159,  0.01
8.299447517099366e-6,  0.001
0.00114672777085123, 0.005
0.0052812202591107785,  0.01
0.0004898563879562233,  0.001
0.0029861076063242716, 0.005
-0.0024528378189335527,  0.01
0.00019059025696052721,  0.001
0.004384799251138237, 0.005
0.0025188871759591453,  0.01
0.00046371766219404113,  0.001
0.0007583974038601415, 0.005
-0.0053549010609754595,  0.01
8.056244412962414e-5,  0.001
0.001471027220759259, 0.005
0.0010463604297745305,  0.01
0.000217824254399868,  0.001
0.00042983510516255373, 0.005
-0.00373733601530379,  0.01
7.381878166933e-5,  0.001
0.0001858639304527206, 0.005
0.004104014124179079,  0.01
-0.000126706511549599,  0.001
0.00018707311846152938, 0.005
-0.0014486971988555502,  0.01
-0.00041907681979605303,  0.001
0.0008241919717954754, 0.005
0.0009840348620434414,  0.01
-0.0008487480639944589,  0.001
0.002402922867738795, 0.005
-0.0008372582843814716,  0.01
-4.145846914812776e-6,  0.001
0.004481456956337146, 0.005
-0.0007188972734175971,  0.01
0.000117617641473652,  0.001
0.0014195090942740601, 0.005
-0.0016330972455634724,  0.01
0.00012945015611271442,  0.001
0.0003064874423859, 0.005
0.0014564203197189945,  0.01
-0.0009499580649064295,  0.001
0.00034204254686563766, 0.005
0.0005267976598725314,  0.01
0.00032847498140085017,  0.001
-0.0024688820740138657, 0.005
-0.006619602052436446,  0.01
-0.0007193507295864076,  0.001
0.0013465386411710995, 0.005
0.00041257250008662537,  0.01
-0.00036754354932649793,  0.001
-0.0051850999036068286, 0.005
-0.0024356933142216882,  0.01
8.724553500827036e-5,  0.001
-0.0014512261755387636, 0.005
0.0021283839612646427,  0.01
-0.00029131139155873584,  0.001
-0.0016052457852366723, 0.005
-0.0022785348280167177,  0.01
0.0003945490401086083,  0.001
-0.00019686207708471338, 0.005
0.0026619615007035862,  0.01
-4.225799312628228e-5,  0.001
0.0003675996057963295, 0.005
-0.002807032559136971,  0.01
0.000186799032274337,  0.001
0.0018029017388635155, 0.005
-0.003995667770586671,  0.01
3.1791737734677615e-5,  0.001
-0.004621925677769961, 0.005
-0.0035507644571786674,  0.01
-8.254692682707397e-5,  0.001
0.0008061166638362294, 0.005
0.0020365108534195083,  0.01
1.4008155273358084e-5,  0.001
-0.0014664216519600453, 0.005
-0.0021537085893931205,  0.01
-0.0001468206092055497,  0.001
0.00030071466597477543, 0.005
-0.000872286522051484,  0.01
-0.0005785709781646627,  0.001
-0.0009076926426024492, 0.005
0.0020866317008976384,  0.01
0.00022041815002226588,  0.001
-0.0009428043651636582, 0.005
0.001170118679872587,  0.01
-6.879062378258973e-5,  0.001
0.00396241062008168, 0.005
0.000302825252418036,  0.01
-0.0003990724144018964,  0.001
-0.002285605695225046, 0.005
0.009107051700355338,  0.01
0.00013357084971861482,  0.001
0.0018986989452685545, 0.005
0.005637801570262344,  0.01
0.0005322661035366823,  0.001
-0.001513810737309773, 0.005
-0.005275697268008854,  0.01
0.00011472554857346374,  0.001
0.0006248893535530653, 0.005
0.0005268811253878861,  0.01
-0.0004053857838349652,  0.001
-8.926557924872628e-6, 0.005
-0.00036227589960252047,  0.01
0.0010285436705527794,  0.001
-0.0010040201767158741, 0.005
-0.001323003369233636,  0.01
-0.00033284814355600737,  0.001
-0.0020679206284162878, 0.005
0.001640660159696858,  0.01
-0.0001763386027995352,  0.001
-0.0014159388778807885, 0.005
0.0038483585945006432,  0.01
0.00026443962486983263,  0.001
0.003740369618358118, 0.005
0.005495567102672787,  0.01
0.00024483854192500833,  0.001
0.002798881381938583, 0.005
0.0012972482526571755,  0.01
0.0003583008532382735,  0.001
0.0053339827768163015, 0.005
0.005276395071592493,  0.01
-0.00022123034200232568,  0.001
0.0034177198274562975, 0.005
0.005664409886717146,  0.01
-0.00023799334452048973,  0.001
-0.00013019254574039187, 0.005
0.0006274317125837533,  0.01
-0.0002817384153169412,  0.001
-0.0020597255273991683, 0.005
-0.014347701514746831,  0.01
0.0011572091509610462,  0.001
0.0018556798545967094, 0.005
-0.0006916933483892572,  0.01
0.0001305023276464876,  0.001
-0.002500732351892187, 0.005
-0.002544243048439449,  0.01
0.0011053343030856357,  0.001
0.0008191303523538314, 0.005
-0.007623814489917296,  0.01
6.350347612583219e-5,  0.001
0.00022250653358856952, 0.005
0.0015812064917295424,  0.01
0.0001467966861486856,  0.001
-0.0010202347952935837, 0.005
0.0010598947125766787,  0.01
-0.0003312054049734975,  0.001
1.3805088582939584e-5, 0.005
0.0038346488395262614,  0.01
0.0007150480413841618,  0.001
-0.003150607363140463, 0.005
-0.004652079482614365,  0.01
-0.0005244945670372556,  0.001
0.0006816419660148812, 0.005
-0.0026970728537903227,  0.01
-0.0005527534158896899,  0.001
-0.0009998090921178586, 0.005
-0.0046588573736157145,  0.01
-0.0005162072934479686,  0.001
-0.0012079621333917698, 0.005
0.0033255297533769878,  0.01
2.0546062710797936e-5,  0.001
-0.0004323822255286824, 0.005
-0.012071585380586024,  0.01
-0.00032683503508342253,  0.001
-0.0009855455926091588, 0.005
-0.00030256847980164673,  0.01
-2.7103276262208955e-5,  0.001
0.001231234649251447, 0.005
-0.004260406804188184,  0.01
-0.0006522368795913141,  0.001
0.0015215155758741034, 0.005
0.0037273087320250516,  0.01
0.0003974121486447776,  0.001
-0.0014003442445393193, 0.005
0.0016920110284315143,  0.01
1.2779703184662356e-5,  0.001
0.003812964281570966, 0.005
0.0015895507029436646,  0.01
0.00036105677498157447,  0.001
-0.0016481476086496786, 0.005
0.0018395202341904776,  0.01
0.0006734981203646548,  0.001
0.00042763830284492155, 0.005
0.0037095546558788836,  0.01
-0.0005449131806945483,  0.001
-0.002647812350497979, 0.005
-0.0009842588642625905,  0.01
4.382117954275449e-5,  0.001
0.00403897195098075, 0.005
-0.0009052891242469569,  0.01
0.0005068943506163466,  0.001
0.003146674639713094, 0.005
-0.0025856098225097613,  0.01
0.0008008564484742208,  0.001
0.00035643030809058964, 0.005
0.004523991450940134,  0.01
0.0005221024706994731,  0.001
-0.005303018392334852, 0.005
0.0003771006807151223,  0.01
-0.0003320747753644763,  0.001
0.002515416154423397, 0.005
-0.004095913989899663,  0.01
0.00013973251744409015,  0.001
0.0015987696225446566, 0.005
0.0016842727467966188,  0.01
0.0005741842973980826,  0.001
-0.0009476482551519907, 0.005
0.000494912441337651,  0.01
